state_code,period_start,period_end,period_type,operator_raw,operator_reported,operator_standard,parent_company,channel,sport_category,handle,gross_revenue,standard_ggr,promo_credits,net_revenue,payouts,tax_paid,federal_excise_tax,hold_pct,days_in_period,is_partial_period,data_is_revised,source_file,scrape_timestamp
NJ,2019-01-01,2019-01-31,monthly,ALL,TOTAL,TOTAL,,retail,,8030567600,,,,,,,,,31,False,False,NJ_PR_2019_01.pdf,2026-03-24 22:49:31.572646
NJ,2019-01-01,2019-01-31,monthly,ALL,TOTAL,TOTAL,,online,,30497398600,,,,,,,,,31,False,False,NJ_PR_2019_01.pdf,2026-03-24 22:49:31.572646
NJ,2019-01-01,2019-01-31,monthly,ALL,TOTAL,TOTAL,,combined,football,8210113100,761844000,,,,,,,0.09279336237158535,31,False,False,NJ_PR_2019_01.pdf,2026-03-24 22:49:31.572646
NJ,2019-01-01,2019-01-31,monthly,ALL,TOTAL,TOTAL,,combined,basketball,13558112000,172600300,,,,,,,0.012730408186626574,31,False,False,NJ_PR_2019_01.pdf,2026-03-24 22:49:31.572646
NJ,2019-01-01,2019-01-31,monthly,ALL,TOTAL,TOTAL,,combined,baseball,115700,-580800,,,,,,,-5.019878997407087,31,False,False,NJ_PR_2019_01.pdf,2026-03-24 22:49:31.572646
NJ,2019-01-01,2019-01-31,monthly,ALL,TOTAL,TOTAL,,combined,parlay,6652805000,382687700,,,,,,,0.057522759197060486,31,False,False,NJ_PR_2019_01.pdf,2026-03-24 22:49:31.572646
NJ,2019-01-01,2019-01-31,monthly,ALL,TOTAL,TOTAL,,combined,other,9273936000,230708400,,,,,,,0.024877074847184627,31,False,False,NJ_PR_2019_01.pdf,2026-03-24 22:49:31.572646
NJ,2019-02-01,2019-02-28,monthly,ALL,TOTAL,TOTAL,,retail,,6149649000,,,,,,,,,28,False,False,NJ_PR_2019_02.pdf,2026-03-24 22:49:31.615542
NJ,2019-02-01,2019-02-28,monthly,ALL,TOTAL,TOTAL,,online,,25887159700,,,,,,,,,28,False,False,NJ_PR_2019_02.pdf,2026-03-24 22:49:31.615542
NJ,2019-02-01,2019-02-28,monthly,ALL,TOTAL,TOTAL,,combined,football,3074915400,-240513300,,,,,,,-0.0782178592620792,28,False,False,NJ_PR_2019_02.pdf,2026-03-24 22:49:31.615542
NJ,2019-02-01,2019-02-28,monthly,ALL,TOTAL,TOTAL,,combined,basketball,15151625700,878596400,,,,,,,0.05798693931569336,28,False,False,NJ_PR_2019_02.pdf,2026-03-24 22:49:31.615542
NJ,2019-02-01,2019-02-28,monthly,ALL,TOTAL,TOTAL,,combined,baseball,28624000,969000,,,,,,,0.0338527110117384,28,False,False,NJ_PR_2019_02.pdf,2026-03-24 22:49:31.615542
NJ,2019-02-01,2019-02-28,monthly,ALL,TOTAL,TOTAL,,combined,parlay,5805777700,1012501600,,,,,,,0.17439551638361903,28,False,False,NJ_PR_2019_02.pdf,2026-03-24 22:49:31.615542
NJ,2019-02-01,2019-02-28,monthly,ALL,TOTAL,TOTAL,,combined,other,8843527800,422775300,,,,,,,0.047806182053275165,28,False,False,NJ_PR_2019_02.pdf,2026-03-24 22:49:31.615542
NJ,2019-03-01,2019-03-31,monthly,ALL,TOTAL,TOTAL,,retail,,7416918800,,,,,,,,,31,False,False,NJ_PR_2019_03.pdf,2026-03-24 22:49:31.656103
NJ,2019-03-01,2019-03-31,monthly,ALL,TOTAL,TOTAL,,online,,29828215400,,,,,,,,,31,False,False,NJ_PR_2019_03.pdf,2026-03-24 22:49:31.656103
NJ,2019-03-01,2019-03-31,monthly,ALL,TOTAL,TOTAL,,combined,football,96675400,-11782400,,,,,,,-0.12187588569584402,31,False,False,NJ_PR_2019_03.pdf,2026-03-24 22:49:31.656103
NJ,2019-03-01,2019-03-31,monthly,ALL,TOTAL,TOTAL,,combined,basketball,20579876800,1446461400,,,,,,,0.07028523125075267,31,False,False,NJ_PR_2019_03.pdf,2026-03-24 22:49:31.656103
NJ,2019-03-01,2019-03-31,monthly,ALL,TOTAL,TOTAL,,combined,baseball,1245531700,5456000,,,,,,,0.004380458562395481,31,False,False,NJ_PR_2019_03.pdf,2026-03-24 22:49:31.656103
NJ,2019-03-01,2019-03-31,monthly,ALL,TOTAL,TOTAL,,combined,parlay,7008465100,1050177900,,,,,,,0.1498442076853604,31,False,False,NJ_PR_2019_03.pdf,2026-03-24 22:49:31.656103
NJ,2019-03-01,2019-03-31,monthly,ALL,TOTAL,TOTAL,,combined,other,8112054700,577551500,,,,,,,0.07119669693548787,31,False,False,NJ_PR_2019_03.pdf,2026-03-24 22:49:31.656103
NJ,2019-04-01,2019-04-30,monthly,ALL,TOTAL,TOTAL,,retail,,5974331800,,,,,,,,,30,False,False,NJ_PR_2019_04.pdf,2026-03-24 22:49:31.698013
NJ,2019-04-01,2019-04-30,monthly,ALL,TOTAL,TOTAL,,online,,25397624400,,,,,,,,,30,False,False,NJ_PR_2019_04.pdf,2026-03-24 22:49:31.698013
NJ,2019-04-01,2019-04-30,monthly,ALL,TOTAL,TOTAL,,combined,football,87154500,-11764900,,,,,,,-0.13498901376291528,30,False,False,NJ_PR_2019_04.pdf,2026-03-24 22:49:31.698013
NJ,2019-04-01,2019-04-30,monthly,ALL,TOTAL,TOTAL,,combined,basketball,8057413600,342063200,,,,,,,0.04245322593344346,30,False,False,NJ_PR_2019_04.pdf,2026-03-24 22:49:31.698013
NJ,2019-04-01,2019-04-30,monthly,ALL,TOTAL,TOTAL,,combined,baseball,8612323700,403870200,,,,,,,0.04689445195841861,30,False,False,NJ_PR_2019_04.pdf,2026-03-24 22:49:31.698013
NJ,2019-04-01,2019-04-30,monthly,ALL,TOTAL,TOTAL,,combined,parlay,5714164600,1049425000,,,,,,,0.18365326753100533,30,False,False,NJ_PR_2019_04.pdf,2026-03-24 22:49:31.698013
NJ,2019-04-01,2019-04-30,monthly,ALL,TOTAL,TOTAL,,combined,other,8653624500,244041800,,,,,,,0.028201108102159967,30,False,False,NJ_PR_2019_04.pdf,2026-03-24 22:49:31.698013
NJ,2019-05-01,2019-05-31,monthly,ALL,TOTAL,TOTAL,,retail,,5538835800,,,,,,,,,31,False,False,NJ_PR_2019_05.pdf,2026-03-24 22:49:31.738096
NJ,2019-05-01,2019-05-31,monthly,ALL,TOTAL,TOTAL,,online,,26355231900,,,,,,,,,31,False,False,NJ_PR_2019_05.pdf,2026-03-24 22:49:31.738096
NJ,2019-05-01,2019-05-31,monthly,ALL,TOTAL,TOTAL,,combined,football,35477100,10128400,,,,,,,0.285491204185235,31,False,False,NJ_PR_2019_05.pdf,2026-03-24 22:49:31.738096
NJ,2019-05-01,2019-05-31,monthly,ALL,TOTAL,TOTAL,,combined,basketball,5860936100,246378100,,,,,,,0.04203732915634415,31,False,False,NJ_PR_2019_05.pdf,2026-03-24 22:49:31.738096
NJ,2019-05-01,2019-05-31,monthly,ALL,TOTAL,TOTAL,,combined,baseball,11460085600,237461100,,,,,,,0.020720709101858716,31,False,False,NJ_PR_2019_05.pdf,2026-03-24 22:49:31.738096
NJ,2019-05-01,2019-05-31,monthly,ALL,TOTAL,TOTAL,,combined,parlay,5573872300,497002800,,,,,,,0.08916652073281263,31,False,False,NJ_PR_2019_05.pdf,2026-03-24 22:49:31.738096
NJ,2019-05-01,2019-05-31,monthly,ALL,TOTAL,TOTAL,,combined,other,8797678500,299625800,,,,,,,0.03405737093029712,31,False,False,NJ_PR_2019_05.pdf,2026-03-24 22:49:31.738096
NJ,2019-06-01,2019-06-30,monthly,ALL,TOTAL,TOTAL,,retail,,4652040900,,,,,,,,,30,False,False,NJ_PR_2019_06.pdf,2026-03-24 22:49:31.780923
NJ,2019-06-01,2019-06-30,monthly,ALL,TOTAL,TOTAL,,online,,22670256600,,,,,,,,,30,False,False,NJ_PR_2019_06.pdf,2026-03-24 22:49:31.780923
NJ,2019-06-01,2019-06-30,monthly,ALL,TOTAL,TOTAL,,combined,football,26211300,-6325000,,,,,,,-0.24130813809311252,30,False,False,NJ_PR_2019_06.pdf,2026-03-24 22:49:31.780923
NJ,2019-06-01,2019-06-30,monthly,ALL,TOTAL,TOTAL,,combined,basketball,2552968300,-3007500,,,,,,,-0.0011780404793902063,30,False,False,NJ_PR_2019_06.pdf,2026-03-24 22:49:31.780923
NJ,2019-06-01,2019-06-30,monthly,ALL,TOTAL,TOTAL,,combined,baseball,11815506400,445832500,,,,,,,0.03773283047775253,30,False,False,NJ_PR_2019_06.pdf,2026-03-24 22:49:31.780923
NJ,2019-06-01,2019-06-30,monthly,ALL,TOTAL,TOTAL,,combined,parlay,4943520000,531452100,,,,,,,0.1075047941547723,30,False,False,NJ_PR_2019_06.pdf,2026-03-24 22:49:31.780923
NJ,2019-06-01,2019-06-30,monthly,ALL,TOTAL,TOTAL,,combined,other,8291291200,333302000,,,,,,,0.04019904644043861,30,False,False,NJ_PR_2019_06.pdf,2026-03-24 22:49:31.780923
NJ,2019-07-01,2019-07-31,monthly,ALL,TOTAL,TOTAL,,retail,,3833253300,,,,,,,,,31,False,False,NJ_PR_2019_07.pdf,2026-03-24 22:49:31.821839
NJ,2019-07-01,2019-07-31,monthly,ALL,TOTAL,TOTAL,,online,,21303873900,,,,,,,,,31,False,False,NJ_PR_2019_07.pdf,2026-03-24 22:49:31.821839
NJ,2019-07-01,2019-07-31,monthly,ALL,TOTAL,TOTAL,,combined,football,60411500,-3552600,,,,,,,-0.05880668415781763,31,False,False,NJ_PR_2019_07.pdf,2026-03-24 22:49:31.821839
NJ,2019-07-01,2019-07-31,monthly,ALL,TOTAL,TOTAL,,combined,basketball,545424400,-26146500,,,,,,,-0.04793789936790507,31,False,False,NJ_PR_2019_07.pdf,2026-03-24 22:49:31.821839
NJ,2019-07-01,2019-07-31,monthly,ALL,TOTAL,TOTAL,,combined,baseball,11015998500,316312600,,,,,,,0.028713929109558247,31,False,False,NJ_PR_2019_07.pdf,2026-03-24 22:49:31.821839
NJ,2019-07-01,2019-07-31,monthly,ALL,TOTAL,TOTAL,,combined,parlay,4579825700,670461400,,,,,,,0.14639452326755578,31,False,False,NJ_PR_2019_07.pdf,2026-03-24 22:49:31.821839
NJ,2019-07-01,2019-07-31,monthly,ALL,TOTAL,TOTAL,,combined,other,8693644200,643573000,,,,,,,0.07402798932121009,31,False,False,NJ_PR_2019_07.pdf,2026-03-24 22:49:31.821839
NJ,2019-08-01,2019-08-31,monthly,ALL,TOTAL,TOTAL,,retail,,4435727200,,,,,,,,,31,False,False,NJ_PR_2019_08.pdf,2026-03-24 22:49:31.864756
NJ,2019-08-01,2019-08-31,monthly,ALL,TOTAL,TOTAL,,online,,24923759000,,,,,,,,,31,False,False,NJ_PR_2019_08.pdf,2026-03-24 22:49:31.864756
NJ,2019-08-01,2019-08-31,monthly,ALL,TOTAL,TOTAL,,combined,football,2258139000,78230000,,,,,,,0.03464357154276154,31,False,False,NJ_PR_2019_08.pdf,2026-03-24 22:49:31.864756
NJ,2019-08-01,2019-08-31,monthly,ALL,TOTAL,TOTAL,,combined,basketball,268721200,2897900,,,,,,,0.010784039368683974,31,False,False,NJ_PR_2019_08.pdf,2026-03-24 22:49:31.864756
NJ,2019-08-01,2019-08-31,monthly,ALL,TOTAL,TOTAL,,combined,baseball,11556864200,299569100,,,,,,,0.025921313499556394,31,False,False,NJ_PR_2019_08.pdf,2026-03-24 22:49:31.864756
NJ,2019-08-01,2019-08-31,monthly,ALL,TOTAL,TOTAL,,combined,parlay,5895672900,767370600,,,,,,,0.1301582725188163,31,False,False,NJ_PR_2019_08.pdf,2026-03-24 22:49:31.864756
NJ,2019-08-01,2019-08-31,monthly,ALL,TOTAL,TOTAL,,combined,other,8580403400,531232000,,,,,,,0.061912240629618885,31,False,False,NJ_PR_2019_08.pdf,2026-03-24 22:49:31.864756
NJ,2019-09-01,2019-09-30,monthly,ALL,TOTAL,TOTAL,,retail,,7131716000,,,,,,,,,30,False,False,NJ_PR_2019_09.pdf,2026-03-24 22:49:31.906209
NJ,2019-09-01,2019-09-30,monthly,ALL,TOTAL,TOTAL,,online,,37424634300,,,,,,,,,30,False,False,NJ_PR_2019_09.pdf,2026-03-24 22:49:31.906209
NJ,2019-09-01,2019-09-30,monthly,ALL,TOTAL,TOTAL,,combined,football,18864634600,1185500800,,,,,,,0.06284250000792488,30,False,False,NJ_PR_2019_09.pdf,2026-03-24 22:49:31.906209
NJ,2019-09-01,2019-09-30,monthly,ALL,TOTAL,TOTAL,,combined,basketball,350687700,23543100,,,,,,,0.06713409110156986,30,False,False,NJ_PR_2019_09.pdf,2026-03-24 22:49:31.906209
NJ,2019-09-01,2019-09-30,monthly,ALL,TOTAL,TOTAL,,combined,baseball,7164952500,393838900,,,,,,,0.05496741255437492,30,False,False,NJ_PR_2019_09.pdf,2026-03-24 22:49:31.906209
NJ,2019-09-01,2019-09-30,monthly,ALL,TOTAL,TOTAL,,combined,parlay,8777666200,1456735600,,,,,,,0.16595932982732928,30,False,False,NJ_PR_2019_09.pdf,2026-03-24 22:49:31.906209
NJ,2019-09-01,2019-09-30,monthly,ALL,TOTAL,TOTAL,,combined,other,9284021700,519010300,,,,,,,0.05590360694654559,30,False,False,NJ_PR_2019_09.pdf,2026-03-24 22:49:31.906209
NJ,2019-10-01,2019-10-31,monthly,ALL,TOTAL,TOTAL,,retail,,7095998500,,,,,,,,,31,False,False,NJ_PR_2019_10.pdf,2026-03-24 22:49:31.964788
NJ,2019-10-01,2019-10-31,monthly,ALL,TOTAL,TOTAL,,online,,41696451900,,,,,,,,,31,False,False,NJ_PR_2019_10.pdf,2026-03-24 22:49:31.964788
NJ,2019-10-01,2019-10-31,monthly,ALL,TOTAL,TOTAL,,combined,football,17997968700,1416678900,,,,,,,0.07871326612541558,31,False,False,NJ_PR_2019_10.pdf,2026-03-24 22:49:31.964788
NJ,2019-10-01,2019-10-31,monthly,ALL,TOTAL,TOTAL,,combined,basketball,2891986100,103824400,,,,,,,0.035900725802243655,31,False,False,NJ_PR_2019_10.pdf,2026-03-24 22:49:31.964788
NJ,2019-10-01,2019-10-31,monthly,ALL,TOTAL,TOTAL,,combined,baseball,6903183200,651251600,,,,,,,0.09434076731441808,31,False,False,NJ_PR_2019_10.pdf,2026-03-24 22:49:31.964788
NJ,2019-10-01,2019-10-31,monthly,ALL,TOTAL,TOTAL,,combined,parlay,9017852900,1139541100,,,,,,,0.12636501311747944,31,False,False,NJ_PR_2019_10.pdf,2026-03-24 22:49:31.964788
NJ,2019-10-01,2019-10-31,monthly,ALL,TOTAL,TOTAL,,combined,other,11420201100,664160700,,,,,,,0.058156655402504254,31,False,False,NJ_PR_2019_10.pdf,2026-03-24 22:49:31.964788
NJ,2019-11-01,2019-11-30,monthly,ALL,TOTAL,TOTAL,,retail,,7589089800,,,,,,,,,30,False,False,NJ_PR_2019_11.pdf,2026-03-24 22:49:32.007101
NJ,2019-11-01,2019-11-30,monthly,ALL,TOTAL,TOTAL,,online,,48678464500,,,,,,,,,30,False,False,NJ_PR_2019_11.pdf,2026-03-24 22:49:32.007101
NJ,2019-11-01,2019-11-30,monthly,ALL,TOTAL,TOTAL,,combined,football,21121207500,830895400,,,,,,,0.039339389095060025,30,False,False,NJ_PR_2019_11.pdf,2026-03-24 22:49:32.007101
NJ,2019-11-01,2019-11-30,monthly,ALL,TOTAL,TOTAL,,combined,basketball,10857651500,545257500,,,,,,,0.05021873284475929,30,False,False,NJ_PR_2019_11.pdf,2026-03-24 22:49:32.007101
NJ,2019-11-01,2019-11-30,monthly,ALL,TOTAL,TOTAL,,combined,baseball,39795400,-15072500,,,,,,,-0.3787498052538736,30,False,False,NJ_PR_2019_11.pdf,2026-03-24 22:49:32.007101
NJ,2019-11-01,2019-11-30,monthly,ALL,TOTAL,TOTAL,,combined,parlay,11339251300,879830400,,,,,,,0.07759157784958871,30,False,False,NJ_PR_2019_11.pdf,2026-03-24 22:49:32.007101
NJ,2019-11-01,2019-11-30,monthly,ALL,TOTAL,TOTAL,,combined,other,10451408900,751606900,,,,,,,0.07191440954912787,30,False,False,NJ_PR_2019_11.pdf,2026-03-24 22:49:32.007101
NJ,2019-12-01,2019-12-31,monthly,ALL,TOTAL,TOTAL,,retail,,6885478200,,,,,,,,,31,False,False,NJ_PR_2019_12.pdf,2026-03-24 22:49:32.052042
NJ,2019-12-01,2019-12-31,monthly,ALL,TOTAL,TOTAL,,online,,48893137900,,,,,,,,,31,False,False,NJ_PR_2019_12.pdf,2026-03-24 22:49:32.052042
NJ,2019-12-01,2019-12-31,monthly,ALL,TOTAL,TOTAL,,combined,football,22104834900,1008743400,,,,,,,0.04563451410351859,31,False,False,NJ_PR_2019_12.pdf,2026-03-24 22:49:32.052042
NJ,2019-12-01,2019-12-31,monthly,ALL,TOTAL,TOTAL,,combined,basketball,12817131500,738869700,,,,,,,0.05764704060342987,31,False,False,NJ_PR_2019_12.pdf,2026-03-24 22:49:32.052042
NJ,2019-12-01,2019-12-31,monthly,ALL,TOTAL,TOTAL,,combined,baseball,75100,-3033200,,,,,,,-40.38881491344873,31,False,False,NJ_PR_2019_12.pdf,2026-03-24 22:49:32.052042
NJ,2019-12-01,2019-12-31,monthly,ALL,TOTAL,TOTAL,,combined,parlay,12644098300,2079773200,,,,,,,0.16448568736609712,31,False,False,NJ_PR_2019_12.pdf,2026-03-24 22:49:32.052042
NJ,2019-12-01,2019-12-31,monthly,ALL,TOTAL,TOTAL,,combined,other,9566195000,344612800,,,,,,,0.036024019999592316,31,False,False,NJ_PR_2019_12.pdf,2026-03-24 22:49:32.052042
NJ,2020-01-01,2020-01-31,monthly,ALL,TOTAL,TOTAL,,retail,,6896433500,,,,,,,,,31,False,False,NJ_PR_2020_01.pdf,2026-03-24 22:49:32.081953
NJ,2020-01-01,2020-01-31,monthly,ALL,TOTAL,TOTAL,,online,,47114911700,,,,,,,,,31,False,False,NJ_PR_2020_01.pdf,2026-03-24 22:49:32.081953
NJ,2020-01-01,2020-01-31,monthly,ALL,TOTAL,TOTAL,,combined,football,12899467100,1019404600,,,,,,,0.07902687700951615,31,False,False,NJ_PR_2020_01.pdf,2026-03-24 22:49:32.081953
NJ,2020-01-01,2020-01-31,monthly,ALL,TOTAL,TOTAL,,combined,basketball,17749276100,939505000,,,,,,,0.052932017886633695,31,False,False,NJ_PR_2020_01.pdf,2026-03-24 22:49:32.081953
NJ,2020-01-01,2020-01-31,monthly,ALL,TOTAL,TOTAL,,combined,baseball,103100,-815100,,,,,,,-7.905916585838991,31,False,False,NJ_PR_2020_01.pdf,2026-03-24 22:49:32.081953
NJ,2020-01-01,2020-01-31,monthly,ALL,TOTAL,TOTAL,,combined,parlay,9923681400,1890514900,,,,,,,0.19050540054621262,31,False,False,NJ_PR_2020_01.pdf,2026-03-24 22:49:32.081953
NJ,2020-01-01,2020-01-31,monthly,ALL,TOTAL,TOTAL,,combined,other,12141958700,556882500,,,,,,,0.04586430523767141,31,False,False,NJ_PR_2020_01.pdf,2026-03-24 22:49:32.081953
NJ,2020-02-01,2020-02-29,monthly,ALL,TOTAL,TOTAL,,retail,,5832162100,,,,,,,,,29,False,False,NJ_PR_2020_02.pdf,2026-03-24 22:49:32.112173
NJ,2020-02-01,2020-02-29,monthly,ALL,TOTAL,TOTAL,,online,,43649218600,,,,,,,,,29,False,False,NJ_PR_2020_02.pdf,2026-03-24 22:49:32.112173
NJ,2020-02-01,2020-02-29,monthly,ALL,TOTAL,TOTAL,,combined,football,4410467000,-295545900,,,,,,,-0.06701011480190193,29,False,False,NJ_PR_2020_02.pdf,2026-03-24 22:49:32.112173
NJ,2020-02-01,2020-02-29,monthly,ALL,TOTAL,TOTAL,,combined,basketball,21934138000,661572400,,,,,,,0.03016176883723445,29,False,False,NJ_PR_2020_02.pdf,2026-03-24 22:49:32.112173
NJ,2020-02-01,2020-02-29,monthly,ALL,TOTAL,TOTAL,,combined,baseball,34151700,-868100,,,,,,,-0.025418939613547787,29,False,False,NJ_PR_2020_02.pdf,2026-03-24 22:49:32.112173
NJ,2020-02-01,2020-02-29,monthly,ALL,TOTAL,TOTAL,,combined,parlay,9074891800,1434693700,,,,,,,0.15809485464058096,29,False,False,NJ_PR_2020_02.pdf,2026-03-24 22:49:32.112173
NJ,2020-02-01,2020-02-29,monthly,ALL,TOTAL,TOTAL,,combined,other,14285768100,1084756000,,,,,,,0.07593263396176786,29,False,False,NJ_PR_2020_02.pdf,2026-03-24 22:49:32.112173
NJ,2020-03-01,2020-03-31,monthly,ALL,TOTAL,TOTAL,,retail,,1845950200,,,,,,,,,31,False,False,NJ_PR_2020_03.pdf,2026-03-24 22:49:32.145003
NJ,2020-03-01,2020-03-31,monthly,ALL,TOTAL,TOTAL,,online,,16344902700,,,,,,,,,31,False,False,NJ_PR_2020_03.pdf,2026-03-24 22:49:32.145003
NJ,2020-03-01,2020-03-31,monthly,ALL,TOTAL,TOTAL,,combined,football,190066500,6680700,,,,,,,0.03514927670052324,31,False,False,NJ_PR_2020_03.pdf,2026-03-24 22:49:32.145003
NJ,2020-03-01,2020-03-31,monthly,ALL,TOTAL,TOTAL,,combined,basketball,8734156200,392465200,,,,,,,0.044934529565660845,31,False,False,NJ_PR_2020_03.pdf,2026-03-24 22:49:32.145003
NJ,2020-03-01,2020-03-31,monthly,ALL,TOTAL,TOTAL,,combined,baseball,77625300,4690700,,,,,,,0.06042746372638817,31,False,False,NJ_PR_2020_03.pdf,2026-03-24 22:49:32.145003
NJ,2020-03-01,2020-03-31,monthly,ALL,TOTAL,TOTAL,,combined,parlay,3320705800,711754900,,,,,,,0.21433843973772082,31,False,False,NJ_PR_2020_03.pdf,2026-03-24 22:49:32.145003
NJ,2020-03-01,2020-03-31,monthly,ALL,TOTAL,TOTAL,,combined,other,5854206100,404000900,,,,,,,0.06901036504334891,31,False,False,NJ_PR_2020_03.pdf,2026-03-24 22:49:32.145003
NJ,2020-04-01,2020-04-30,monthly,ALL,TOTAL,TOTAL,,retail,,14574545800,,,,,,,,,30,False,False,NJ_PR_2020_04.pdf,2026-03-24 22:49:32.176568
NJ,2020-04-01,2020-04-30,monthly,ALL,TOTAL,TOTAL,,online,,5459309200,,,,,,,,,30,False,False,NJ_PR_2020_04.pdf,2026-03-24 22:49:32.176568
NJ,2020-04-01,2020-04-30,monthly,ALL,TOTAL,TOTAL,,combined,football,440039100,-23376100,,,,,,,-0.05312277931665618,30,False,False,NJ_PR_2020_04.pdf,2026-03-24 22:49:32.176568
NJ,2020-04-01,2020-04-30,monthly,ALL,TOTAL,TOTAL,,combined,basketball,-85356800,-9985800,,,,,,,0.11698892179650595,30,False,False,NJ_PR_2020_04.pdf,2026-03-24 22:49:32.176568
NJ,2020-04-01,2020-04-30,monthly,ALL,TOTAL,TOTAL,,combined,baseball,66213100,4182900,,,,,,,0.06317329954344382,30,False,False,NJ_PR_2020_04.pdf,2026-03-24 22:49:32.176568
NJ,2020-04-01,2020-04-30,monthly,ALL,TOTAL,TOTAL,,combined,parlay,457163100,89472600,,,,,,,0.1957126460993899,30,False,False,NJ_PR_2020_04.pdf,2026-03-24 22:49:32.176568
NJ,2020-04-01,2020-04-30,monthly,ALL,TOTAL,TOTAL,,combined,other,4092395500,123136300,,,,,,,0.030089051754650792,30,False,False,NJ_PR_2020_04.pdf,2026-03-24 22:49:32.176568
NJ,2020-05-01,2020-05-31,monthly,ALL,TOTAL,TOTAL,,retail,,14574244700,,,,,,,,,31,False,False,NJ_PR_2020_05.pdf,2026-03-24 22:49:32.206672
NJ,2020-05-01,2020-05-31,monthly,ALL,TOTAL,TOTAL,,online,,11782128100,,,,,,,,,31,False,False,NJ_PR_2020_05.pdf,2026-03-24 22:49:32.206672
NJ,2020-05-01,2020-05-31,monthly,ALL,TOTAL,TOTAL,,combined,football,193194900,12326500,,,,,,,0.06380344408677455,31,False,False,NJ_PR_2020_05.pdf,2026-03-24 22:49:32.206672
NJ,2020-05-01,2020-05-31,monthly,ALL,TOTAL,TOTAL,,combined,basketball,132677700,14062700,,,,,,,0.10599143639059164,31,False,False,NJ_PR_2020_05.pdf,2026-03-24 22:49:32.206672
NJ,2020-05-01,2020-05-31,monthly,ALL,TOTAL,TOTAL,,combined,baseball,543453400,25282000,,,,,,,0.04652100805699256,31,False,False,NJ_PR_2020_05.pdf,2026-03-24 22:49:32.206672
NJ,2020-05-01,2020-05-31,monthly,ALL,TOTAL,TOTAL,,combined,parlay,1697810300,318973000,,,,,,,0.18787316816254443,31,False,False,NJ_PR_2020_05.pdf,2026-03-24 22:49:32.206672
NJ,2020-05-01,2020-05-31,monthly,ALL,TOTAL,TOTAL,,combined,other,9544505400,583950800,,,,,,,0.0611818816719408,31,False,False,NJ_PR_2020_05.pdf,2026-03-24 22:49:32.206672
NJ,2020-06-01,2020-06-30,monthly,ALL,TOTAL,TOTAL,,retail,,14574545800,,,,,,,,,30,False,False,NJ_PR_2020_06.pdf,2026-03-24 22:49:32.239782
NJ,2020-06-01,2020-06-30,monthly,ALL,TOTAL,TOTAL,,online,,16501455300,,,,,,,,,30,False,False,NJ_PR_2020_06.pdf,2026-03-24 22:49:32.239782
NJ,2020-06-01,2020-06-30,monthly,ALL,TOTAL,TOTAL,,combined,football,7680200,-815900,,,,,,,-0.10623421265071221,30,False,False,NJ_PR_2020_06.pdf,2026-03-24 22:49:32.239782
NJ,2020-06-01,2020-06-30,monthly,ALL,TOTAL,TOTAL,,combined,basketball,320952700,2923800,,,,,,,0.009109753555586228,30,False,False,NJ_PR_2020_06.pdf,2026-03-24 22:49:32.239782
NJ,2020-06-01,2020-06-30,monthly,ALL,TOTAL,TOTAL,,combined,baseball,696666500,35557300,,,,,,,0.051039198813205455,30,False,False,NJ_PR_2020_06.pdf,2026-03-24 22:49:32.239782
NJ,2020-06-01,2020-06-30,monthly,ALL,TOTAL,TOTAL,,combined,parlay,2737134100,348126000,,,,,,,0.12718631505851322,30,False,False,NJ_PR_2020_06.pdf,2026-03-24 22:49:32.239782
NJ,2020-06-01,2020-06-30,monthly,ALL,TOTAL,TOTAL,,combined,other,12583075300,724698800,,,,,,,0.05759313861850608,30,False,False,NJ_PR_2020_06.pdf,2026-03-24 22:49:32.239782
NJ,2020-07-01,2020-07-31,monthly,ALL,TOTAL,TOTAL,,retail,,1931447800,,,,,,,,,31,False,False,NJ_PR_2020_07.pdf,2026-03-24 22:49:32.270299
NJ,2020-07-01,2020-07-31,monthly,ALL,TOTAL,TOTAL,,online,,29580432700,,,,,,,,,31,False,False,NJ_PR_2020_07.pdf,2026-03-24 22:49:32.270299
NJ,2020-07-01,2020-07-31,monthly,ALL,TOTAL,TOTAL,,combined,football,-2062252500,-202348600,,,,,,,0.09812018654359736,31,False,False,NJ_PR_2020_07.pdf,2026-03-24 22:49:32.270299
NJ,2020-07-01,2020-07-31,monthly,ALL,TOTAL,TOTAL,,combined,basketball,2075423100,-204822000,,,,,,,-0.0986892744905846,31,False,False,NJ_PR_2020_07.pdf,2026-03-24 22:49:32.270299
NJ,2020-07-01,2020-07-31,monthly,ALL,TOTAL,TOTAL,,combined,baseball,5963394800,200016700,,,,,,,0.033540744275391596,31,False,False,NJ_PR_2020_07.pdf,2026-03-24 22:49:32.270299
NJ,2020-07-01,2020-07-31,monthly,ALL,TOTAL,TOTAL,,combined,parlay,7059753500,1085001200,,,,,,,0.15368825554603288,31,False,False,NJ_PR_2020_07.pdf,2026-03-24 22:49:32.270299
NJ,2020-07-01,2020-07-31,monthly,ALL,TOTAL,TOTAL,,combined,other,17407931400,1034249000,,,,,,,0.059412515837464756,31,False,False,NJ_PR_2020_07.pdf,2026-03-24 22:49:32.270299
NJ,2020-08-01,2020-08-31,monthly,ALL,TOTAL,TOTAL,,retail,,6603666400,,,,,,,,,31,False,False,NJ_PR_2020_08.pdf,2026-03-24 22:49:32.301405
NJ,2020-08-01,2020-08-31,monthly,ALL,TOTAL,TOTAL,,online,,60194248600,,,,,,,,,31,False,False,NJ_PR_2020_08.pdf,2026-03-24 22:49:32.301405
NJ,2020-08-01,2020-08-31,monthly,ALL,TOTAL,TOTAL,,combined,football,31546400,3591900,,,,,,,0.11386085258539802,31,False,False,NJ_PR_2020_08.pdf,2026-03-24 22:49:32.301405
NJ,2020-08-01,2020-08-31,monthly,ALL,TOTAL,TOTAL,,combined,basketball,16617858300,990267600,,,,,,,0.059590567094918605,31,False,False,NJ_PR_2020_08.pdf,2026-03-24 22:49:32.301405
NJ,2020-08-01,2020-08-31,monthly,ALL,TOTAL,TOTAL,,combined,baseball,14999162400,656640700,,,,,,,0.04377849125761849,31,False,False,NJ_PR_2020_08.pdf,2026-03-24 22:49:32.301405
NJ,2020-08-01,2020-08-31,monthly,ALL,TOTAL,TOTAL,,combined,parlay,14487477200,1518897700,,,,,,,0.10484211150302966,31,False,False,NJ_PR_2020_08.pdf,2026-03-24 22:49:32.301405
NJ,2020-08-01,2020-08-31,monthly,ALL,TOTAL,TOTAL,,combined,other,20487186100,1002052900,,,,,,,0.04891120210988858,31,False,False,NJ_PR_2020_08.pdf,2026-03-24 22:49:32.301405
NJ,2020-09-01,2020-09-30,monthly,ALL,TOTAL,TOTAL,,retail,,6984297500,,,,,,,,,30,False,False,NJ_PR_2020_09.pdf,2026-03-24 22:49:32.333863
NJ,2020-09-01,2020-09-30,monthly,ALL,TOTAL,TOTAL,,online,,67874537400,,,,,,,,,30,False,False,NJ_PR_2020_09.pdf,2026-03-24 22:49:32.333863
NJ,2020-09-01,2020-09-30,monthly,ALL,TOTAL,TOTAL,,combined,football,15949816600,310190400,,,,,,,0.019447897601531042,30,False,False,NJ_PR_2020_09.pdf,2026-03-24 22:49:32.333863
NJ,2020-09-01,2020-09-30,monthly,ALL,TOTAL,TOTAL,,combined,basketball,9877805400,530272700,,,,,,,0.053683250330078376,30,False,False,NJ_PR_2020_09.pdf,2026-03-24 22:49:32.333863
NJ,2020-09-01,2020-09-30,monthly,ALL,TOTAL,TOTAL,,combined,baseball,11530249100,610474900,,,,,,,0.05294550834985864,30,False,False,NJ_PR_2020_09.pdf,2026-03-24 22:49:32.333863
NJ,2020-09-01,2020-09-30,monthly,ALL,TOTAL,TOTAL,,combined,parlay,15643927800,1714521800,,,,,,,0.10959663211946043,30,False,False,NJ_PR_2020_09.pdf,2026-03-24 22:49:32.333863
NJ,2020-09-01,2020-09-30,monthly,ALL,TOTAL,TOTAL,,combined,other,20828515300,482737300,,,,,,,0.023176750385083857,30,False,False,NJ_PR_2020_09.pdf,2026-03-24 22:49:32.333863
NJ,2020-10-01,2020-10-31,monthly,ALL,TOTAL,TOTAL,,retail,,5919712300,,,,,,,,,31,False,False,NJ_PR_2020_10.pdf,2026-03-24 22:49:32.364353
NJ,2020-10-01,2020-10-31,monthly,ALL,TOTAL,TOTAL,,online,,74389904900,,,,,,,,,31,False,False,NJ_PR_2020_10.pdf,2026-03-24 22:49:32.364353
NJ,2020-10-01,2020-10-31,monthly,ALL,TOTAL,TOTAL,,combined,football,27892496600,1127151400,,,,,,,0.04041055973454882,31,False,False,NJ_PR_2020_10.pdf,2026-03-24 22:49:32.364353
NJ,2020-10-01,2020-10-31,monthly,ALL,TOTAL,TOTAL,,combined,basketball,2845254800,120978100,,,,,,,0.04251924994555848,31,False,False,NJ_PR_2020_10.pdf,2026-03-24 22:49:32.364353
NJ,2020-10-01,2020-10-31,monthly,ALL,TOTAL,TOTAL,,combined,baseball,9392460200,496884600,,,,,,,0.05290249726051541,31,False,False,NJ_PR_2020_10.pdf,2026-03-24 22:49:32.364353
NJ,2020-10-01,2020-10-31,monthly,ALL,TOTAL,TOTAL,,combined,parlay,17148612000,1910002400,,,,,,,0.11137941659651522,31,False,False,NJ_PR_2020_10.pdf,2026-03-24 22:49:32.364353
NJ,2020-10-01,2020-10-31,monthly,ALL,TOTAL,TOTAL,,combined,other,21578348500,995411200,,,,,,,0.046130091929880546,31,False,False,NJ_PR_2020_10.pdf,2026-03-24 22:49:32.364353
NJ,2020-11-01,2020-11-30,monthly,ALL,TOTAL,TOTAL,,retail,,5954437500,,,,,,,,,30,False,False,NJ_PR_2020_11.pdf,2026-03-24 22:49:32.395732
NJ,2020-11-01,2020-11-30,monthly,ALL,TOTAL,TOTAL,,online,,87207604000,,,,,,,,,30,False,False,NJ_PR_2020_11.pdf,2026-03-24 22:49:32.395732
NJ,2020-11-01,2020-11-30,monthly,ALL,TOTAL,TOTAL,,combined,football,43331704000,1617711200,,,,,,,0.037333200651421414,30,False,False,NJ_PR_2020_11.pdf,2026-03-24 22:49:32.395732
NJ,2020-11-01,2020-11-30,monthly,ALL,TOTAL,TOTAL,,combined,basketball,8854280200,361192500,,,,,,,0.04079298281073147,30,False,False,NJ_PR_2020_11.pdf,2026-03-24 22:49:32.395732
NJ,2020-11-01,2020-11-30,monthly,ALL,TOTAL,TOTAL,,combined,baseball,123910900,5681000,,,,,,,0.04584745974728616,30,False,False,NJ_PR_2020_11.pdf,2026-03-24 22:49:32.395732
NJ,2020-11-01,2020-11-30,monthly,ALL,TOTAL,TOTAL,,combined,parlay,19426737100,3612924500,,,,,,,0.1859769080830357,30,False,False,NJ_PR_2020_11.pdf,2026-03-24 22:49:32.395732
NJ,2020-11-01,2020-11-30,monthly,ALL,TOTAL,TOTAL,,combined,other,22148809300,1420531100,,,,,,,0.06413577726726827,30,False,False,NJ_PR_2020_11.pdf,2026-03-24 22:49:32.395732
NJ,2020-12-01,2020-12-31,monthly,ALL,TOTAL,TOTAL,,retail,,6696895300,,,,,,,,,31,False,False,NJ_PR_2020_12.pdf,2026-03-24 22:49:32.426598
NJ,2020-12-01,2020-12-31,monthly,ALL,TOTAL,TOTAL,,online,,92933184100,,,,,,,,,31,False,False,NJ_PR_2020_12.pdf,2026-03-24 22:49:32.426598
NJ,2020-12-01,2020-12-31,monthly,ALL,TOTAL,TOTAL,,combined,football,32218000400,1923378800,,,,,,,0.059698888078727565,31,False,False,NJ_PR_2020_12.pdf,2026-03-24 22:49:32.426598
NJ,2020-12-01,2020-12-31,monthly,ALL,TOTAL,TOTAL,,combined,basketball,25419927100,-165820800,,,,,,,-0.006523260249633052,31,False,False,NJ_PR_2020_12.pdf,2026-03-24 22:49:32.426598
NJ,2020-12-01,2020-12-31,monthly,ALL,TOTAL,TOTAL,,combined,baseball,1334300,390300,,,,,,,0.29251292812710783,31,False,False,NJ_PR_2020_12.pdf,2026-03-24 22:49:32.426598
NJ,2020-12-01,2020-12-31,monthly,ALL,TOTAL,TOTAL,,combined,parlay,22304133100,4780302900,,,,,,,0.21432363582873346,31,False,False,NJ_PR_2020_12.pdf,2026-03-24 22:49:32.426598
NJ,2020-12-01,2020-12-31,monthly,ALL,TOTAL,TOTAL,,combined,other,19612230200,319915700,,,,,,,0.01631205103843825,31,False,False,NJ_PR_2020_12.pdf,2026-03-24 22:49:32.426598
NJ,2021-01-01,2021-01-31,monthly,ALL,TOTAL,TOTAL,,retail,,7206105600,,,,,,,,,31,False,False,NJ_PR_2021_01.pdf,2026-03-24 22:49:32.457741
NJ,2021-01-01,2021-01-31,monthly,ALL,TOTAL,TOTAL,,online,,88665647000,,,,,,,,,31,False,False,NJ_PR_2021_01.pdf,2026-03-24 22:49:32.457741
NJ,2021-01-01,2021-01-31,monthly,ALL,TOTAL,TOTAL,,combined,football,20177083900,1258013400,,,,,,,0.06234862313280067,31,False,False,NJ_PR_2021_01.pdf,2026-03-24 22:49:32.457741
NJ,2021-01-01,2021-01-31,monthly,ALL,TOTAL,TOTAL,,combined,basketball,32026905600,1535416700,,,,,,,0.04794146269316758,31,False,False,NJ_PR_2021_01.pdf,2026-03-24 22:49:32.457741
NJ,2021-01-01,2021-01-31,monthly,ALL,TOTAL,TOTAL,,combined,baseball,712900,252400,,,,,,,0.354046850890728,31,False,False,NJ_PR_2021_01.pdf,2026-03-24 22:49:32.457741
NJ,2021-01-01,2021-01-31,monthly,ALL,TOTAL,TOTAL,,combined,parlay,22025617200,4364124800,,,,,,,0.19813859291080388,31,False,False,NJ_PR_2021_01.pdf,2026-03-24 22:49:32.457741
NJ,2021-01-01,2021-01-31,monthly,ALL,TOTAL,TOTAL,,combined,other,21435296900,1185312000,,,,,,,0.055297204677393574,31,False,False,NJ_PR_2021_01.pdf,2026-03-24 22:49:32.457741
NJ,2021-02-01,2021-02-28,monthly,ALL,TOTAL,TOTAL,,retail,,5370417200,,,,,,,,,28,False,False,NJ_PR_2021_02.pdf,2026-03-24 22:49:32.488868
NJ,2021-02-01,2021-02-28,monthly,ALL,TOTAL,TOTAL,,online,,68924915600,,,,,,,,,28,False,False,NJ_PR_2021_02.pdf,2026-03-24 22:49:32.488868
NJ,2021-02-01,2021-02-28,monthly,ALL,TOTAL,TOTAL,,combined,football,6611082600,402538300,,,,,,,0.06088840880614621,28,False,False,NJ_PR_2021_02.pdf,2026-03-24 22:49:32.488868
NJ,2021-02-01,2021-02-28,monthly,ALL,TOTAL,TOTAL,,combined,basketball,32583344400,782477400,,,,,,,0.024014643506023895,28,False,False,NJ_PR_2021_02.pdf,2026-03-24 22:49:32.488868
NJ,2021-02-01,2021-02-28,monthly,ALL,TOTAL,TOTAL,,combined,baseball,7836600,85100,,,,,,,0.010859301227573183,28,False,False,NJ_PR_2021_02.pdf,2026-03-24 22:49:32.488868
NJ,2021-02-01,2021-02-28,monthly,ALL,TOTAL,TOTAL,,combined,parlay,15546888900,3355840300,,,,,,,0.21585285143447575,28,False,False,NJ_PR_2021_02.pdf,2026-03-24 22:49:32.488868
NJ,2021-02-01,2021-02-28,monthly,ALL,TOTAL,TOTAL,,combined,other,20312436700,800698800,,,,,,,0.0394191406883252,28,False,False,NJ_PR_2021_02.pdf,2026-03-24 22:49:32.488868
NJ,2021-03-01,2021-03-31,monthly,ALL,TOTAL,TOTAL,,retail,,7947256900,,,,,,,,,31,False,False,NJ_PR_2021_03.pdf,2026-03-24 22:49:32.520024
NJ,2021-03-01,2021-03-31,monthly,ALL,TOTAL,TOTAL,,online,,78014539200,,,,,,,,,31,False,False,NJ_PR_2021_03.pdf,2026-03-24 22:49:32.520024
NJ,2021-03-01,2021-03-31,monthly,ALL,TOTAL,TOTAL,,combined,football,108840800,-21142500,,,,,,,-0.19425160417784507,31,False,False,NJ_PR_2021_03.pdf,2026-03-24 22:49:32.520024
NJ,2021-03-01,2021-03-31,monthly,ALL,TOTAL,TOTAL,,combined,basketball,44166252900,1467184900,,,,,,,0.033219591965883075,31,False,False,NJ_PR_2021_03.pdf,2026-03-24 22:49:32.520024
NJ,2021-03-01,2021-03-31,monthly,ALL,TOTAL,TOTAL,,combined,baseball,443786600,-1694300,,,,,,,-0.0038178259550874227,31,False,False,NJ_PR_2021_03.pdf,2026-03-24 22:49:32.520024
NJ,2021-03-01,2021-03-31,monthly,ALL,TOTAL,TOTAL,,combined,parlay,18432345300,2930652700,,,,,,,0.15899510628199875,31,False,False,NJ_PR_2021_03.pdf,2026-03-24 22:49:32.520024
NJ,2021-03-01,2021-03-31,monthly,ALL,TOTAL,TOTAL,,combined,other,22369147800,917563100,,,,,,,0.04101913529312011,31,False,False,NJ_PR_2021_03.pdf,2026-03-24 22:49:32.520024
NJ,2021-04-01,2021-04-30,monthly,ALL,TOTAL,TOTAL,,retail,,6680908800,,,,,,,,,30,False,False,NJ_PR_2021_04.pdf,2026-03-24 22:49:32.554325
NJ,2021-04-01,2021-04-30,monthly,ALL,TOTAL,TOTAL,,online,,68117743400,,,,,,,,,30,False,False,NJ_PR_2021_04.pdf,2026-03-24 22:49:32.554325
NJ,2021-04-01,2021-04-30,monthly,ALL,TOTAL,TOTAL,,combined,football,621976800,-50501200,,,,,,,-0.08119466835418941,30,False,False,NJ_PR_2021_04.pdf,2026-03-24 22:49:32.554325
NJ,2021-04-01,2021-04-30,monthly,ALL,TOTAL,TOTAL,,combined,basketball,17620418700,658766300,,,,,,,0.03738652929966982,30,False,False,NJ_PR_2021_04.pdf,2026-03-24 22:49:32.554325
NJ,2021-04-01,2021-04-30,monthly,ALL,TOTAL,TOTAL,,combined,baseball,15489560800,782378700,,,,,,,0.05051006352613949,30,False,False,NJ_PR_2021_04.pdf,2026-03-24 22:49:32.554325
NJ,2021-04-01,2021-04-30,monthly,ALL,TOTAL,TOTAL,,combined,parlay,17496645400,3131814100,,,,,,,0.17899511754407504,30,False,False,NJ_PR_2021_04.pdf,2026-03-24 22:49:32.554325
NJ,2021-04-01,2021-04-30,monthly,ALL,TOTAL,TOTAL,,combined,other,20189947300,796217900,,,,,,,0.03943635355600953,30,False,False,NJ_PR_2021_04.pdf,2026-03-24 22:49:32.554325
NJ,2021-05-01,2021-05-31,monthly,ALL,TOTAL,TOTAL,,retail,,7961572800,,,,,,,,,31,False,False,NJ_PR_2021_05.pdf,2026-03-24 22:49:32.587284
NJ,2021-05-01,2021-05-31,monthly,ALL,TOTAL,TOTAL,,online,,73465492600,,,,,,,,,31,False,False,NJ_PR_2021_05.pdf,2026-03-24 22:49:32.587284
NJ,2021-05-01,2021-05-31,monthly,ALL,TOTAL,TOTAL,,combined,football,356600,-56625200,,,,,,,-158.79192372406058,31,False,False,NJ_PR_2021_05.pdf,2026-03-24 22:49:32.587284
NJ,2021-05-01,2021-05-31,monthly,ALL,TOTAL,TOTAL,,combined,basketball,21673381300,230157100,,,,,,,0.010619344384440834,31,False,False,NJ_PR_2021_05.pdf,2026-03-24 22:49:32.587284
NJ,2021-05-01,2021-05-31,monthly,ALL,TOTAL,TOTAL,,combined,baseball,18614518700,938879700,,,,,,,0.05043803254499403,31,False,False,NJ_PR_2021_05.pdf,2026-03-24 22:49:32.587284
NJ,2021-05-01,2021-05-31,monthly,ALL,TOTAL,TOTAL,,combined,parlay,18956174200,2532893300,,,,,,,0.1336183806540457,31,False,False,NJ_PR_2021_05.pdf,2026-03-24 22:49:32.587284
NJ,2021-05-01,2021-05-31,monthly,ALL,TOTAL,TOTAL,,combined,other,21632925900,1399286500,,,,,,,0.06468318277741616,31,False,False,NJ_PR_2021_05.pdf,2026-03-24 22:49:32.587284
NJ,2021-06-01,2021-06-30,monthly,ALL,TOTAL,TOTAL,,retail,,8386776500,,,,,,,,,30,False,False,NJ_PR_2021_06.pdf,2026-03-24 22:49:32.619761
NJ,2021-06-01,2021-06-30,monthly,ALL,TOTAL,TOTAL,,online,,68302065500,,,,,,,,,30,False,False,NJ_PR_2021_06.pdf,2026-03-24 22:49:32.619761
NJ,2021-06-01,2021-06-30,monthly,ALL,TOTAL,TOTAL,,combined,football,100437200,97983600,,,,,,,0.9755708044429753,30,False,False,NJ_PR_2021_06.pdf,2026-03-24 22:49:32.619761
NJ,2021-06-01,2021-06-30,monthly,ALL,TOTAL,TOTAL,,combined,basketball,19089819100,1446591300,,,,,,,0.075778156535805,30,False,False,NJ_PR_2021_06.pdf,2026-03-24 22:49:32.619761
NJ,2021-06-01,2021-06-30,monthly,ALL,TOTAL,TOTAL,,combined,baseball,16933819000,367490300,,,,,,,0.02170156064618383,30,False,False,NJ_PR_2021_06.pdf,2026-03-24 22:49:32.619761
NJ,2021-06-01,2021-06-30,monthly,ALL,TOTAL,TOTAL,,combined,parlay,16439701100,3083377700,,,,,,,0.18755679809774645,30,False,False,NJ_PR_2021_06.pdf,2026-03-24 22:49:32.619761
NJ,2021-06-01,2021-06-30,monthly,ALL,TOTAL,TOTAL,,combined,other,23483304100,1754874600,,,,,,,0.07472860686584559,30,False,False,NJ_PR_2021_06.pdf,2026-03-24 22:49:32.619761
NJ,2021-07-01,2021-07-31,monthly,ALL,TOTAL,TOTAL,,retail,,4929544400,,,,,,,,,31,False,False,NJ_PR_2021_07.pdf,2026-03-24 22:49:32.651687
NJ,2021-07-01,2021-07-31,monthly,ALL,TOTAL,TOTAL,,online,,52943384600,,,,,,,,,31,False,False,NJ_PR_2021_07.pdf,2026-03-24 22:49:32.651687
NJ,2021-07-01,2021-07-31,monthly,ALL,TOTAL,TOTAL,,combined,football,82294100,69211800,,,,,,,0.8410299158748926,31,False,False,NJ_PR_2021_07.pdf,2026-03-24 22:49:32.651687
NJ,2021-07-01,2021-07-31,monthly,ALL,TOTAL,TOTAL,,combined,basketball,7477416000,855799500,,,,,,,0.11445123556051984,31,False,False,NJ_PR_2021_07.pdf,2026-03-24 22:49:32.651687
NJ,2021-07-01,2021-07-31,monthly,ALL,TOTAL,TOTAL,,combined,baseball,19536181800,878102000,,,,,,,0.044947472796347546,31,False,False,NJ_PR_2021_07.pdf,2026-03-24 22:49:32.651687
NJ,2021-07-01,2021-07-31,monthly,ALL,TOTAL,TOTAL,,combined,parlay,13409054000,3231806600,,,,,,,0.24101674883254254,31,False,False,NJ_PR_2021_07.pdf,2026-03-24 22:49:32.651687
NJ,2021-07-01,2021-07-31,monthly,ALL,TOTAL,TOTAL,,combined,other,18043675300,1287816300,,,,,,,0.0713721721649469,31,False,False,NJ_PR_2021_07.pdf,2026-03-24 22:49:32.651687
NJ,2021-08-01,2021-08-31,monthly,ALL,TOTAL,TOTAL,,retail,,5180933400,,,,,,,,,31,False,False,NJ_PR_2021_08.pdf,2026-03-24 22:49:32.687778
NJ,2021-08-01,2021-08-31,monthly,ALL,TOTAL,TOTAL,,online,,61286652500,,,,,,,,,31,False,False,NJ_PR_2021_08.pdf,2026-03-24 22:49:32.687778
NJ,2021-08-01,2021-08-31,monthly,ALL,TOTAL,TOTAL,,combined,football,2740839200,-51644300,,,,,,,-0.018842513635969598,31,False,False,NJ_PR_2021_08.pdf,2026-03-24 22:49:32.687778
NJ,2021-08-01,2021-08-31,monthly,ALL,TOTAL,TOTAL,,combined,basketball,2133166000,145540300,,,,,,,0.06822736720911546,31,False,False,NJ_PR_2021_08.pdf,2026-03-24 22:49:32.687778
NJ,2021-08-01,2021-08-31,monthly,ALL,TOTAL,TOTAL,,combined,baseball,24803629700,873995400,,,,,,,0.03523659281205928,31,False,False,NJ_PR_2021_08.pdf,2026-03-24 22:49:32.687778
NJ,2021-08-01,2021-08-31,monthly,ALL,TOTAL,TOTAL,,combined,parlay,19897202700,1916687400,,,,,,,0.096329490577085,31,False,False,NJ_PR_2021_08.pdf,2026-03-24 22:49:32.687778
NJ,2021-08-01,2021-08-31,monthly,ALL,TOTAL,TOTAL,,combined,other,15016937800,648260300,,,,,,,0.04316860791685506,31,False,False,NJ_PR_2021_08.pdf,2026-03-24 22:49:32.687778
NJ,2021-09-01,2021-09-30,monthly,ALL,TOTAL,TOTAL,,retail,,9267086600,,,,,,,,,30,False,False,NJ_PR_2021_09.pdf,2026-03-24 22:49:32.720225
NJ,2021-09-01,2021-09-30,monthly,ALL,TOTAL,TOTAL,,online,,91844344500,,,,,,,,,30,False,False,NJ_PR_2021_09.pdf,2026-03-24 22:49:32.720225
NJ,2021-09-01,2021-09-30,monthly,ALL,TOTAL,TOTAL,,combined,football,40078866800,1029435600,,,,,,,0.02568524716871486,30,False,False,NJ_PR_2021_09.pdf,2026-03-24 22:49:32.720225
NJ,2021-09-01,2021-09-30,monthly,ALL,TOTAL,TOTAL,,combined,basketball,2238116600,7704900,,,,,,,0.003442582035270191,30,False,False,NJ_PR_2021_09.pdf,2026-03-24 22:49:32.720225
NJ,2021-09-01,2021-09-30,monthly,ALL,TOTAL,TOTAL,,combined,baseball,18516942900,659416000,,,,,,,0.03561149394698409,30,False,False,NJ_PR_2021_09.pdf,2026-03-24 22:49:32.720225
NJ,2021-09-01,2021-09-30,monthly,ALL,TOTAL,TOTAL,,combined,parlay,21613734800,4227527400,,,,,,,0.19559448837134802,30,False,False,NJ_PR_2021_09.pdf,2026-03-24 22:49:32.720225
NJ,2021-09-01,2021-09-30,monthly,ALL,TOTAL,TOTAL,,combined,other,17586821100,759849400,,,,,,,0.043205613776329366,30,False,False,NJ_PR_2021_09.pdf,2026-03-24 22:49:32.720225
NJ,2021-10-01,2021-10-31,monthly,ALL,TOTAL,TOTAL,,retail,,12415597400,,,,,,,,,31,False,False,NJ_PR_2021_10.pdf,2026-03-24 22:49:32.752699
NJ,2021-10-01,2021-10-31,monthly,ALL,TOTAL,TOTAL,,online,,117904236800,,,,,,,,,31,False,False,NJ_PR_2021_10.pdf,2026-03-24 22:49:32.752699
NJ,2021-10-01,2021-10-31,monthly,ALL,TOTAL,TOTAL,,combined,football,49901579600,1182826900,,,,,,,0.023703195559765407,31,False,False,NJ_PR_2021_10.pdf,2026-03-24 22:49:32.752699
NJ,2021-10-01,2021-10-31,monthly,ALL,TOTAL,TOTAL,,combined,basketball,15686728000,398578900,,,,,,,0.025408670310341327,31,False,False,NJ_PR_2021_10.pdf,2026-03-24 22:49:32.752699
NJ,2021-10-01,2021-10-31,monthly,ALL,TOTAL,TOTAL,,combined,baseball,12708216800,856678300,,,,,,,0.06741136962661827,31,False,False,NJ_PR_2021_10.pdf,2026-03-24 22:49:32.752699
NJ,2021-10-01,2021-10-31,monthly,ALL,TOTAL,TOTAL,,combined,parlay,31697232900,4748528800,,,,,,,0.14980893805402173,31,False,False,NJ_PR_2021_10.pdf,2026-03-24 22:49:32.752699
NJ,2021-10-01,2021-10-31,monthly,ALL,TOTAL,TOTAL,,combined,other,20512175200,984473200,,,,,,,0.04799457836144067,31,False,False,NJ_PR_2021_10.pdf,2026-03-24 22:49:32.752699
NJ,2021-11-01,2021-11-30,monthly,ALL,TOTAL,TOTAL,,retail,,11402808100,,,,,,,,,30,False,False,NJ_PR_2021_11.pdf,2026-03-24 22:49:32.787910
NJ,2021-11-01,2021-11-30,monthly,ALL,TOTAL,TOTAL,,online,,114416135500,,,,,,,,,30,False,False,NJ_PR_2021_11.pdf,2026-03-24 22:49:32.787910
NJ,2021-11-01,2021-11-30,monthly,ALL,TOTAL,TOTAL,,combined,football,40133805100,2770397500,,,,,,,0.06902902660480603,30,False,False,NJ_PR_2021_11.pdf,2026-03-24 22:49:32.787910
NJ,2021-11-01,2021-11-30,monthly,ALL,TOTAL,TOTAL,,combined,basketball,39973075300,337204900,,,,,,,0.008435800785134989,30,False,False,NJ_PR_2021_11.pdf,2026-03-24 22:49:32.787910
NJ,2021-11-01,2021-11-30,monthly,ALL,TOTAL,TOTAL,,combined,baseball,1191460300,90118000,,,,,,,0.07563659485758778,30,False,False,NJ_PR_2021_11.pdf,2026-03-24 22:49:32.787910
NJ,2021-11-01,2021-11-30,monthly,ALL,TOTAL,TOTAL,,combined,parlay,26281872600,7076277700,,,,,,,0.2692455673801569,30,False,False,NJ_PR_2021_11.pdf,2026-03-24 22:49:32.787910
NJ,2021-11-01,2021-11-30,monthly,ALL,TOTAL,TOTAL,,combined,other,18214019500,954131900,,,,,,,0.052384477791955805,30,False,False,NJ_PR_2021_11.pdf,2026-03-24 22:49:32.787910
NJ,2021-12-01,2021-12-31,monthly,ALL,TOTAL,TOTAL,,retail,,11927043000,,,,,,,,,31,False,False,NJ_PR_2021_12.pdf,2026-03-24 22:49:32.831651
NJ,2021-12-01,2021-12-31,monthly,ALL,TOTAL,TOTAL,,online,,111029146100,,,,,,,,,31,False,False,NJ_PR_2021_12.pdf,2026-03-24 22:49:32.831651
NJ,2021-12-01,2021-12-31,monthly,ALL,TOTAL,TOTAL,,combined,football,39879804500,505585000,,,,,,,0.012677720122725276,31,False,False,NJ_PR_2021_12.pdf,2026-03-24 22:49:32.831651
NJ,2021-12-01,2021-12-31,monthly,ALL,TOTAL,TOTAL,,combined,basketball,38439589800,1008795600,,,,,,,0.026243661944592343,31,False,False,NJ_PR_2021_12.pdf,2026-03-24 22:49:32.831651
NJ,2021-12-01,2021-12-31,monthly,ALL,TOTAL,TOTAL,,combined,baseball,4523685100,61076400,,,,,,,0.01350147029464982,31,False,False,NJ_PR_2021_12.pdf,2026-03-24 22:49:32.831651
NJ,2021-12-01,2021-12-31,monthly,ALL,TOTAL,TOTAL,,combined,parlay,26264600100,2809109500,,,,,,,0.1069542079188177,31,False,False,NJ_PR_2021_12.pdf,2026-03-24 22:49:32.831651
NJ,2021-12-01,2021-12-31,monthly,ALL,TOTAL,TOTAL,,combined,other,16759645900,584755500,,,,,,,0.034890683460084324,31,False,False,NJ_PR_2021_12.pdf,2026-03-24 22:49:32.831651
NJ,2022-01-01,2022-01-31,monthly,ALL,TOTAL,TOTAL,,retail,,13915876500,,,,,,,,,31,False,False,NJ_PR_2022_01.pdf,2026-03-24 22:49:32.863808
NJ,2022-01-01,2022-01-31,monthly,ALL,TOTAL,TOTAL,,online,,120970131800,,,,,,,,,31,False,False,NJ_PR_2022_01.pdf,2026-03-24 22:49:32.863808
NJ,2022-01-01,2022-01-31,monthly,ALL,TOTAL,TOTAL,,combined,football,34033283800,1179722900,,,,,,,0.03466379873692941,31,False,False,NJ_PR_2022_01.pdf,2026-03-24 22:49:32.863808
NJ,2022-01-01,2022-01-31,monthly,ALL,TOTAL,TOTAL,,combined,basketball,55368177800,346866900,,,,,,,0.006264733891964926,31,False,False,NJ_PR_2022_01.pdf,2026-03-24 22:49:32.863808
NJ,2022-01-01,2022-01-31,monthly,ALL,TOTAL,TOTAL,,combined,baseball,6227300,4104300,,,,,,,0.6590817850432772,31,False,False,NJ_PR_2022_01.pdf,2026-03-24 22:49:32.863808
NJ,2022-01-01,2022-01-31,monthly,ALL,TOTAL,TOTAL,,combined,parlay,26797363700,4287267500,,,,,,,0.15998840587441815,31,False,False,NJ_PR_2022_01.pdf,2026-03-24 22:49:32.863808
NJ,2022-01-01,2022-01-31,monthly,ALL,TOTAL,TOTAL,,combined,other,20106836800,671174900,,,,,,,0.033380432072736575,31,False,False,NJ_PR_2022_01.pdf,2026-03-24 22:49:32.863808
NJ,2022-02-01,2022-02-28,monthly,ALL,TOTAL,TOTAL,,retail,,8593678200,,,,,,,,,28,False,False,NJ_PR_2022_02.pdf,2026-03-24 22:49:32.898796
NJ,2022-02-01,2022-02-28,monthly,ALL,TOTAL,TOTAL,,online,,89963153100,,,,,,,,,28,False,False,NJ_PR_2022_02.pdf,2026-03-24 22:49:32.898796
NJ,2022-02-01,2022-02-28,monthly,ALL,TOTAL,TOTAL,,combined,football,8826690600,-130573900,,,,,,,-0.014793075447778808,28,False,False,NJ_PR_2022_02.pdf,2026-03-24 22:49:32.898796
NJ,2022-02-01,2022-02-28,monthly,ALL,TOTAL,TOTAL,,combined,basketball,50313396900,392162800,,,,,,,0.0077944011766774585,28,False,False,NJ_PR_2022_02.pdf,2026-03-24 22:49:32.898796
NJ,2022-02-01,2022-02-28,monthly,ALL,TOTAL,TOTAL,,combined,baseball,13526100,-782500,,,,,,,-0.057851117469189195,28,False,False,NJ_PR_2022_02.pdf,2026-03-24 22:49:32.898796
NJ,2022-02-01,2022-02-28,monthly,ALL,TOTAL,TOTAL,,combined,parlay,19206209600,2063964800,,,,,,,0.10746341120842501,28,False,False,NJ_PR_2022_02.pdf,2026-03-24 22:49:32.898796
NJ,2022-02-01,2022-02-28,monthly,ALL,TOTAL,TOTAL,,combined,other,20757951800,1045773200,,,,,,,0.05037940207569034,28,False,False,NJ_PR_2022_02.pdf,2026-03-24 22:49:32.898796
NJ,2022-03-01,2022-03-31,monthly,ALL,TOTAL,TOTAL,,retail,,7950202100,,,,,,,,,31,False,False,NJ_PR_2022_03.pdf,2026-03-24 22:49:32.941098
NJ,2022-03-01,2022-03-31,monthly,ALL,TOTAL,TOTAL,,online,,104140293300,,,,,,,,,31,False,False,NJ_PR_2022_03.pdf,2026-03-24 22:49:32.941098
NJ,2022-03-01,2022-03-31,monthly,ALL,TOTAL,TOTAL,,combined,football,18797200,-3251300,,,,,,,-0.17296725044155511,31,False,False,NJ_PR_2022_03.pdf,2026-03-24 22:49:32.941098
NJ,2022-03-01,2022-03-31,monthly,ALL,TOTAL,TOTAL,,combined,basketball,66734774500,1012391000,,,,,,,0.015170366687910214,31,False,False,NJ_PR_2022_03.pdf,2026-03-24 22:49:32.941098
NJ,2022-03-01,2022-03-31,monthly,ALL,TOTAL,TOTAL,,combined,baseball,377706700,9863400,,,,,,,0.026113913255973484,31,False,False,NJ_PR_2022_03.pdf,2026-03-24 22:49:32.941098
NJ,2022-03-01,2022-03-31,monthly,ALL,TOTAL,TOTAL,,combined,parlay,22113980400,3607445500,,,,,,,0.16312963269154385,31,False,False,NJ_PR_2022_03.pdf,2026-03-24 22:49:32.941098
NJ,2022-03-01,2022-03-31,monthly,ALL,TOTAL,TOTAL,,combined,other,21513072200,744428900,,,,,,,0.03460356071319279,31,False,False,NJ_PR_2022_03.pdf,2026-03-24 22:49:32.941098
NJ,2022-04-01,2022-04-30,monthly,ALL,TOTAL,TOTAL,,retail,,6380308200,,,,,,,,,30,False,False,NJ_PR_2022_04.pdf,2026-03-24 22:49:32.973957
NJ,2022-04-01,2022-04-30,monthly,ALL,TOTAL,TOTAL,,online,,86314369800,,,,,,,,,30,False,False,NJ_PR_2022_04.pdf,2026-03-24 22:49:32.973957
NJ,2022-04-01,2022-04-30,monthly,ALL,TOTAL,TOTAL,,combined,football,841896100,-148222100,,,,,,,-0.1760574731252467,30,False,False,NJ_PR_2022_04.pdf,2026-03-24 22:49:32.973957
NJ,2022-04-01,2022-04-30,monthly,ALL,TOTAL,TOTAL,,combined,basketball,32343683800,838742500,,,,,,,0.025932188342751482,30,False,False,NJ_PR_2022_04.pdf,2026-03-24 22:49:32.973957
NJ,2022-04-01,2022-04-30,monthly,ALL,TOTAL,TOTAL,,combined,baseball,17785246700,516775500,,,,,,,0.029056414494379772,30,False,False,NJ_PR_2022_04.pdf,2026-03-24 22:49:32.973957
NJ,2022-04-01,2022-04-30,monthly,ALL,TOTAL,TOTAL,,combined,parlay,19725294600,3524184600,,,,,,,0.17866321753186895,30,False,False,NJ_PR_2022_04.pdf,2026-03-24 22:49:32.973957
NJ,2022-04-01,2022-04-30,monthly,ALL,TOTAL,TOTAL,,combined,other,22302493300,648028200,,,,,,,0.029056311833977774,30,False,False,NJ_PR_2022_04.pdf,2026-03-24 22:49:32.973957
NJ,2022-05-01,2022-05-31,monthly,ALL,TOTAL,TOTAL,,retail,,5804238800,,,,,,,,,31,False,False,NJ_PR_2022_05.pdf,2026-03-24 22:49:33.006660
NJ,2022-05-01,2022-05-31,monthly,ALL,TOTAL,TOTAL,,online,,70836996400,,,,,,,,,31,False,False,NJ_PR_2022_05.pdf,2026-03-24 22:49:33.006660
NJ,2022-05-01,2022-05-31,monthly,ALL,TOTAL,TOTAL,,combined,football,177469900,-1089000,,,,,,,-0.006136251837635566,31,False,False,NJ_PR_2022_05.pdf,2026-03-24 22:49:33.006660
NJ,2022-05-01,2022-05-31,monthly,ALL,TOTAL,TOTAL,,combined,basketball,18854138700,1046577700,,,,,,,0.05550917581825151,31,False,False,NJ_PR_2022_05.pdf,2026-03-24 22:49:33.006660
NJ,2022-05-01,2022-05-31,monthly,ALL,TOTAL,TOTAL,,combined,baseball,19324444800,924155500,,,,,,,0.04782313331972156,31,False,False,NJ_PR_2022_05.pdf,2026-03-24 22:49:33.006660
NJ,2022-05-01,2022-05-31,monthly,ALL,TOTAL,TOTAL,,combined,parlay,17203392700,3687160600,,,,,,,0.2143275262210343,31,False,False,NJ_PR_2022_05.pdf,2026-03-24 22:49:33.006660
NJ,2022-05-01,2022-05-31,monthly,ALL,TOTAL,TOTAL,,combined,other,21038965300,514093900,,,,,,,0.02443532239677205,31,False,False,NJ_PR_2022_05.pdf,2026-03-24 22:49:33.006660
NJ,2022-06-01,2022-06-30,monthly,ALL,TOTAL,TOTAL,,retail,,4429262400,,,,,,,,,30,False,False,NJ_PR_2022_06.pdf,2026-03-24 22:49:33.042339
NJ,2022-06-01,2022-06-30,monthly,ALL,TOTAL,TOTAL,,online,,58889223700,,,,,,,,,30,False,False,NJ_PR_2022_06.pdf,2026-03-24 22:49:33.042339
NJ,2022-06-01,2022-06-30,monthly,ALL,TOTAL,TOTAL,,combined,football,204811300,-9465600,,,,,,,-0.046216199985059415,30,False,False,NJ_PR_2022_06.pdf,2026-03-24 22:49:33.042339
NJ,2022-06-01,2022-06-30,monthly,ALL,TOTAL,TOTAL,,combined,basketball,7661973600,111761000,,,,,,,0.014586450676363594,30,False,False,NJ_PR_2022_06.pdf,2026-03-24 22:49:33.042339
NJ,2022-06-01,2022-06-30,monthly,ALL,TOTAL,TOTAL,,combined,baseball,23466405400,541895700,,,,,,,0.023092403406616335,30,False,False,NJ_PR_2022_06.pdf,2026-03-24 22:49:33.042339
NJ,2022-06-01,2022-06-30,monthly,ALL,TOTAL,TOTAL,,combined,parlay,14891694600,2006950600,,,,,,,0.13476979308990128,30,False,False,NJ_PR_2022_06.pdf,2026-03-24 22:49:33.042339
NJ,2022-06-01,2022-06-30,monthly,ALL,TOTAL,TOTAL,,combined,other,17237210800,1460138100,,,,,,,0.08470849007659638,30,False,False,NJ_PR_2022_06.pdf,2026-03-24 22:49:33.042339
NJ,2022-07-01,2022-07-31,monthly,ALL,TOTAL,TOTAL,,retail,,3699361700,,,,,,,,,31,False,False,NJ_PR_2022_07.pdf,2026-03-24 22:49:33.075501
NJ,2022-07-01,2022-07-31,monthly,ALL,TOTAL,TOTAL,,online,,49489471600,,,,,,,,,31,False,False,NJ_PR_2022_07.pdf,2026-03-24 22:49:33.075501
NJ,2022-07-01,2022-07-31,monthly,ALL,TOTAL,TOTAL,,combined,football,173927400,15158900,,,,,,,0.0871564802325568,31,False,False,NJ_PR_2022_07.pdf,2026-03-24 22:49:33.075501
NJ,2022-07-01,2022-07-31,monthly,ALL,TOTAL,TOTAL,,combined,basketball,3310798400,217978500,,,,,,,0.06583865088251825,31,False,False,NJ_PR_2022_07.pdf,2026-03-24 22:49:33.075501
NJ,2022-07-01,2022-07-31,monthly,ALL,TOTAL,TOTAL,,combined,baseball,23628939200,1040784900,,,,,,,0.04404704295823826,31,False,False,NJ_PR_2022_07.pdf,2026-03-24 22:49:33.075501
NJ,2022-07-01,2022-07-31,monthly,ALL,TOTAL,TOTAL,,combined,parlay,12673971300,2293238000,,,,,,,0.18094076005995058,31,False,False,NJ_PR_2022_07.pdf,2026-03-24 22:49:33.075501
NJ,2022-07-01,2022-07-31,monthly,ALL,TOTAL,TOTAL,,combined,other,12158600200,702756600,,,,,,,0.05779913710790491,31,False,False,NJ_PR_2022_07.pdf,2026-03-24 22:49:33.075501
NJ,2022-08-01,2022-08-31,monthly,ALL,TOTAL,TOTAL,,retail,,3759578200,,,,,,,,,31,False,False,NJ_PR_2022_08.pdf,2026-03-24 22:49:33.112179
NJ,2022-08-01,2022-08-31,monthly,ALL,TOTAL,TOTAL,,online,,50917861200,,,,,,,,,31,False,False,NJ_PR_2022_08.pdf,2026-03-24 22:49:33.112179
NJ,2022-08-01,2022-08-31,monthly,ALL,TOTAL,TOTAL,,combined,football,2761768300,41595300,,,,,,,0.015061111390119149,31,False,False,NJ_PR_2022_08.pdf,2026-03-24 22:49:33.112179
NJ,2022-08-01,2022-08-31,monthly,ALL,TOTAL,TOTAL,,combined,basketball,1871113300,21882600,,,,,,,0.011694962565869207,31,False,False,NJ_PR_2022_08.pdf,2026-03-24 22:49:33.112179
NJ,2022-08-01,2022-08-31,monthly,ALL,TOTAL,TOTAL,,combined,baseball,21213854700,1460213900,,,,,,,0.06883303014232486,31,False,False,NJ_PR_2022_08.pdf,2026-03-24 22:49:33.112179
NJ,2022-08-01,2022-08-31,monthly,ALL,TOTAL,TOTAL,,combined,parlay,13792557400,2930638700,,,,,,,0.2124797175032964,31,False,False,NJ_PR_2022_08.pdf,2026-03-24 22:49:33.112179
NJ,2022-08-01,2022-08-31,monthly,ALL,TOTAL,TOTAL,,combined,other,13480462100,740138800,,,,,,,0.05490455701811587,31,False,False,NJ_PR_2022_08.pdf,2026-03-24 22:49:33.112179
NJ,2022-09-01,2022-09-30,monthly,ALL,TOTAL,TOTAL,,retail,,5894330600,,,,,,,,,30,False,False,NJ_PR_2022_09.pdf,2026-03-24 22:49:33.148725
NJ,2022-09-01,2022-09-30,monthly,ALL,TOTAL,TOTAL,,online,,80777610600,,,,,,,,,30,False,False,NJ_PR_2022_09.pdf,2026-03-24 22:49:33.148725
NJ,2022-09-01,2022-09-30,monthly,ALL,TOTAL,TOTAL,,combined,football,35092078600,1806668000,,,,,,,0.0514836416672109,30,False,False,NJ_PR_2022_09.pdf,2026-03-24 22:49:33.148725
NJ,2022-09-01,2022-09-30,monthly,ALL,TOTAL,TOTAL,,combined,basketball,1722436500,101542900,,,,,,,0.05895305864686449,30,False,False,NJ_PR_2022_09.pdf,2026-03-24 22:49:33.148725
NJ,2022-09-01,2022-09-30,monthly,ALL,TOTAL,TOTAL,,combined,baseball,14336947400,775588500,,,,,,,0.054097185290642835,30,False,False,NJ_PR_2022_09.pdf,2026-03-24 22:49:33.148725
NJ,2022-09-01,2022-09-30,monthly,ALL,TOTAL,TOTAL,,combined,parlay,21348444600,4837275300,,,,,,,0.22658677906679908,30,False,False,NJ_PR_2022_09.pdf,2026-03-24 22:49:33.148725
NJ,2022-09-01,2022-09-30,monthly,ALL,TOTAL,TOTAL,,combined,other,12330234500,603929400,,,,,,,0.04897955509280866,30,False,False,NJ_PR_2022_09.pdf,2026-03-24 22:49:33.148725
NJ,2022-10-01,2022-10-31,monthly,ALL,TOTAL,TOTAL,,retail,,7255025700,,,,,,,,,31,False,False,NJ_PR_2022_10.pdf,2026-03-24 22:49:33.207946
NJ,2022-10-01,2022-10-31,monthly,ALL,TOTAL,TOTAL,,online,,98760427800,,,,,,,,,31,False,False,NJ_PR_2022_10.pdf,2026-03-24 22:49:33.207946
NJ,2022-10-01,2022-10-31,monthly,ALL,TOTAL,TOTAL,,combined,football,41415302700,1458282200,,,,,,,0.03521119260103826,31,False,False,NJ_PR_2022_10.pdf,2026-03-24 22:49:33.207946
NJ,2022-10-01,2022-10-31,monthly,ALL,TOTAL,TOTAL,,combined,basketball,14099700300,-46085500,,,,,,,-0.0032685446512646797,31,False,False,NJ_PR_2022_10.pdf,2026-03-24 22:49:33.207946
NJ,2022-10-01,2022-10-31,monthly,ALL,TOTAL,TOTAL,,combined,baseball,9789361400,403934300,,,,,,,0.041262579191324984,31,False,False,NJ_PR_2022_10.pdf,2026-03-24 22:49:33.207946
NJ,2022-10-01,2022-10-31,monthly,ALL,TOTAL,TOTAL,,combined,parlay,26468901100,5723675500,,,,,,,0.2162415235289084,31,False,False,NJ_PR_2022_10.pdf,2026-03-24 22:49:33.207946
NJ,2022-10-01,2022-10-31,monthly,ALL,TOTAL,TOTAL,,combined,other,14988232200,751892700,,,,,,,0.05016553586619775,31,False,False,NJ_PR_2022_10.pdf,2026-03-24 22:49:33.207946
NJ,2022-11-01,2022-11-30,monthly,ALL,TOTAL,TOTAL,,retail,,6902509900,,,,,,,,,30,False,False,NJ_PR_2022_11.pdf,2026-03-24 22:49:33.240340
NJ,2022-11-01,2022-11-30,monthly,ALL,TOTAL,TOTAL,,online,,103259786700,,,,,,,,,30,False,False,NJ_PR_2022_11.pdf,2026-03-24 22:49:33.240340
NJ,2022-11-01,2022-11-30,monthly,ALL,TOTAL,TOTAL,,combined,football,35494440000,1156068800,,,,,,,0.032570419479783314,30,False,False,NJ_PR_2022_11.pdf,2026-03-24 22:49:33.240340
NJ,2022-11-01,2022-11-30,monthly,ALL,TOTAL,TOTAL,,combined,basketball,30410401500,737536900,,,,,,,0.024252784035094045,30,False,False,NJ_PR_2022_11.pdf,2026-03-24 22:49:33.240340
NJ,2022-11-01,2022-11-30,monthly,ALL,TOTAL,TOTAL,,combined,baseball,1940756100,94881700,,,,,,,0.04888903865869596,30,False,False,NJ_PR_2022_11.pdf,2026-03-24 22:49:33.240340
NJ,2022-11-01,2022-11-30,monthly,ALL,TOTAL,TOTAL,,combined,parlay,25006775300,5157698700,,,,,,,0.206252051219095,30,False,False,NJ_PR_2022_11.pdf,2026-03-24 22:49:33.240340
NJ,2022-11-01,2022-11-30,monthly,ALL,TOTAL,TOTAL,,combined,other,17161436800,856707000,,,,,,,0.049920470528435006,30,False,False,NJ_PR_2022_11.pdf,2026-03-24 22:49:33.240340
NJ,2022-12-01,2022-12-31,monthly,ALL,TOTAL,TOTAL,,retail,,5716371300,,,,,,,,,31,False,False,NJ_PR_2022_12.pdf,2026-03-24 22:49:33.275725
NJ,2022-12-01,2022-12-31,monthly,ALL,TOTAL,TOTAL,,online,,99839328100,,,,,,,,,31,False,False,NJ_PR_2022_12.pdf,2026-03-24 22:49:33.275725
NJ,2022-12-01,2022-12-31,monthly,ALL,TOTAL,TOTAL,,combined,football,33492932400,1623501400,,,,,,,0.0484729548494237,31,False,False,NJ_PR_2022_12.pdf,2026-03-24 22:49:33.275725
NJ,2022-12-01,2022-12-31,monthly,ALL,TOTAL,TOTAL,,combined,basketball,31519007200,705260000,,,,,,,0.022375704777909376,31,False,False,NJ_PR_2022_12.pdf,2026-03-24 22:49:33.275725
NJ,2022-12-01,2022-12-31,monthly,ALL,TOTAL,TOTAL,,combined,baseball,12266200,-765600,,,,,,,-0.06241541797785785,31,False,False,NJ_PR_2022_12.pdf,2026-03-24 22:49:33.275725
NJ,2022-12-01,2022-12-31,monthly,ALL,TOTAL,TOTAL,,combined,parlay,24926880200,4919452000,,,,,,,0.19735530321199202,31,False,False,NJ_PR_2022_12.pdf,2026-03-24 22:49:33.275725
NJ,2022-12-01,2022-12-31,monthly,ALL,TOTAL,TOTAL,,combined,other,14444566800,609044300,,,,,,,0.042164248220998915,31,False,False,NJ_PR_2022_12.pdf,2026-03-24 22:49:33.275725
NJ,2023-01-01,2023-01-31,monthly,ALL,TOTAL,TOTAL,,retail,,6585759800,,,,,,,,,31,False,False,NJ_PR_2023_01.pdf,2026-03-24 22:49:33.306692
NJ,2023-01-01,2023-01-31,monthly,ALL,TOTAL,TOTAL,,online,,101637543500,,,,,,,,,31,False,False,NJ_PR_2023_01.pdf,2026-03-24 22:49:33.306692
NJ,2023-01-01,2023-01-31,monthly,ALL,TOTAL,TOTAL,,combined,football,28098318500,1603162500,,,,,,,0.05705546045397699,31,False,False,NJ_PR_2023_01.pdf,2026-03-24 22:49:33.306692
NJ,2023-01-01,2023-01-31,monthly,ALL,TOTAL,TOTAL,,combined,basketball,38237669500,1122808400,,,,,,,0.02936393390815829,31,False,False,NJ_PR_2023_01.pdf,2026-03-24 22:49:33.306692
NJ,2023-01-01,2023-01-31,monthly,ALL,TOTAL,TOTAL,,combined,baseball,12042600,666800,,,,,,,0.055370102801720555,31,False,False,NJ_PR_2023_01.pdf,2026-03-24 22:49:33.306692
NJ,2023-01-01,2023-01-31,monthly,ALL,TOTAL,TOTAL,,combined,parlay,27245970900,5072822000,,,,,,,0.1861861344056563,31,False,False,NJ_PR_2023_01.pdf,2026-03-24 22:49:33.306692
NJ,2023-01-01,2023-01-31,monthly,ALL,TOTAL,TOTAL,,combined,other,16439877100,954782900,,,,,,,0.0580772529011181,31,False,False,NJ_PR_2023_01.pdf,2026-03-24 22:49:33.306692
NJ,2023-02-01,2023-02-28,monthly,ALL,TOTAL,TOTAL,,retail,,4600548500,,,,,,,,,28,False,False,NJ_PR_2023_02.pdf,2026-03-24 22:49:33.337036
NJ,2023-02-01,2023-02-28,monthly,ALL,TOTAL,TOTAL,,online,,80140012600,,,,,,,,,28,False,False,NJ_PR_2023_02.pdf,2026-03-24 22:49:33.337036
NJ,2023-02-01,2023-02-28,monthly,ALL,TOTAL,TOTAL,,combined,football,7227379600,670692500,,,,,,,0.09279884787011879,28,False,False,NJ_PR_2023_02.pdf,2026-03-24 22:49:33.337036
NJ,2023-02-01,2023-02-28,monthly,ALL,TOTAL,TOTAL,,combined,basketball,39101127300,1097152900,,,,,,,0.028059367485294983,28,False,False,NJ_PR_2023_02.pdf,2026-03-24 22:49:33.337036
NJ,2023-02-01,2023-02-28,monthly,ALL,TOTAL,TOTAL,,combined,baseball,68115800,-3071700,,,,,,,-0.045095264241189266,28,False,False,NJ_PR_2023_02.pdf,2026-03-24 22:49:33.337036
NJ,2023-02-01,2023-02-28,monthly,ALL,TOTAL,TOTAL,,combined,parlay,19809500400,3343103200,,,,,,,0.16876262058582758,28,False,False,NJ_PR_2023_02.pdf,2026-03-24 22:49:33.337036
NJ,2023-02-01,2023-02-28,monthly,ALL,TOTAL,TOTAL,,combined,other,19169048700,1012989100,,,,,,,0.05284503763611389,28,False,False,NJ_PR_2023_02.pdf,2026-03-24 22:49:33.337036
NJ,2023-03-01,2023-03-31,monthly,ALL,TOTAL,TOTAL,,retail,,5059935600,,,,,,,,,31,False,False,NJ_PR_2023_03.pdf,2026-03-24 22:49:33.372193
NJ,2023-03-01,2023-03-31,monthly,ALL,TOTAL,TOTAL,,online,,97517986900,,,,,,,,,31,False,False,NJ_PR_2023_03.pdf,2026-03-24 22:49:33.372193
NJ,2023-03-01,2023-03-31,monthly,ALL,TOTAL,TOTAL,,combined,football,200585300,-16832600,,,,,,,-0.08391741568300369,31,False,False,NJ_PR_2023_03.pdf,2026-03-24 22:49:33.372193
NJ,2023-03-01,2023-03-31,monthly,ALL,TOTAL,TOTAL,,combined,basketball,53469101500,1941090700,,,,,,,0.03630303568875194,31,False,False,NJ_PR_2023_03.pdf,2026-03-24 22:49:33.372193
NJ,2023-03-01,2023-03-31,monthly,ALL,TOTAL,TOTAL,,combined,baseball,1973744700,-93490800,,,,,,,-0.04736722028943257,31,False,False,NJ_PR_2023_03.pdf,2026-03-24 22:49:33.372193
NJ,2023-03-01,2023-03-31,monthly,ALL,TOTAL,TOTAL,,combined,parlay,23594874900,4169139100,,,,,,,0.17669680884809438,31,False,False,NJ_PR_2023_03.pdf,2026-03-24 22:49:33.372193
NJ,2023-03-01,2023-03-31,monthly,ALL,TOTAL,TOTAL,,combined,other,21226574900,936588900,,,,,,,0.044123411544836656,31,False,False,NJ_PR_2023_03.pdf,2026-03-24 22:49:33.372193
NJ,2023-04-01,2023-04-30,monthly,ALL,TOTAL,TOTAL,,retail,,3548938300,,,,,,,,,30,False,False,NJ_PR_2023_04.pdf,2026-03-24 22:49:33.404899
NJ,2023-04-01,2023-04-30,monthly,ALL,TOTAL,TOTAL,,online,,79849154200,,,,,,,,,30,False,False,NJ_PR_2023_04.pdf,2026-03-24 22:49:33.404899
NJ,2023-04-01,2023-04-30,monthly,ALL,TOTAL,TOTAL,,combined,football,827146700,-837700,,,,,,,-0.001012758679929449,30,False,False,NJ_PR_2023_04.pdf,2026-03-24 22:49:33.404899
NJ,2023-04-01,2023-04-30,monthly,ALL,TOTAL,TOTAL,,combined,basketball,23655187900,1103632800,,,,,,,0.0466550003604072,30,False,False,NJ_PR_2023_04.pdf,2026-03-24 22:49:33.404899
NJ,2023-04-01,2023-04-30,monthly,ALL,TOTAL,TOTAL,,combined,baseball,19703669000,1294324300,,,,,,,0.06568950686290964,30,False,False,NJ_PR_2023_04.pdf,2026-03-24 22:49:33.404899
NJ,2023-04-01,2023-04-30,monthly,ALL,TOTAL,TOTAL,,combined,parlay,20046376900,4535646500,,,,,,,0.22625766853660223,30,False,False,NJ_PR_2023_04.pdf,2026-03-24 22:49:33.404899
NJ,2023-04-01,2023-04-30,monthly,ALL,TOTAL,TOTAL,,combined,other,20403764300,1417365800,,,,,,,0.06946589752558552,30,False,False,NJ_PR_2023_04.pdf,2026-03-24 22:49:33.404899
NJ,2023-05-01,2023-05-31,monthly,ALL,TOTAL,TOTAL,,retail,,3779799300,,,,,,,,,31,False,False,NJ_PR_2023_05.pdf,2026-03-24 22:49:33.438278
NJ,2023-05-01,2023-05-31,monthly,ALL,TOTAL,TOTAL,,online,,74105627000,,,,,,,,,31,False,False,NJ_PR_2023_05.pdf,2026-03-24 22:49:33.438278
NJ,2023-05-01,2023-05-31,monthly,ALL,TOTAL,TOTAL,,combined,football,169123300,-10638900,,,,,,,-0.0629061755535754,31,False,False,NJ_PR_2023_05.pdf,2026-03-24 22:49:33.438278
NJ,2023-05-01,2023-05-31,monthly,ALL,TOTAL,TOTAL,,combined,basketball,18281424200,1208520300,,,,,,,0.06610646341218863,31,False,False,NJ_PR_2023_05.pdf,2026-03-24 22:49:33.438278
NJ,2023-05-01,2023-05-31,monthly,ALL,TOTAL,TOTAL,,combined,baseball,21554846900,1393559500,,,,,,,0.06465179300345668,31,False,False,NJ_PR_2023_05.pdf,2026-03-24 22:49:33.438278
NJ,2023-05-01,2023-05-31,monthly,ALL,TOTAL,TOTAL,,combined,parlay,18461340800,4379137800,,,,,,,0.23720583718383012,31,False,False,NJ_PR_2023_05.pdf,2026-03-24 22:49:33.438278
NJ,2023-05-01,2023-05-31,monthly,ALL,TOTAL,TOTAL,,combined,other,20134079600,1681805000,,,,,,,0.08353026477555,31,False,False,NJ_PR_2023_05.pdf,2026-03-24 22:49:33.438278
NJ,2023-06-01,2023-06-30,monthly,ALL,TOTAL,TOTAL,,retail,,3245776700,,,,,,,,,30,False,False,NJ_PR_2023_06.pdf,2026-03-24 22:49:33.470980
NJ,2023-06-01,2023-06-30,monthly,ALL,TOTAL,TOTAL,,online,,55862413000,,,,,,,,,30,False,False,NJ_PR_2023_06.pdf,2026-03-24 22:49:33.470980
NJ,2023-06-01,2023-06-30,monthly,ALL,TOTAL,TOTAL,,combined,football,271900400,-21145500,,,,,,,-0.07776928610623596,30,False,False,NJ_PR_2023_06.pdf,2026-03-24 22:49:33.470980
NJ,2023-06-01,2023-06-30,monthly,ALL,TOTAL,TOTAL,,combined,basketball,6147946700,365810300,,,,,,,0.05950121525939709,30,False,False,NJ_PR_2023_06.pdf,2026-03-24 22:49:33.470980
NJ,2023-06-01,2023-06-30,monthly,ALL,TOTAL,TOTAL,,combined,baseball,22067425700,1473103000,,,,,,,0.06675463735672621,30,False,False,NJ_PR_2023_06.pdf,2026-03-24 22:49:33.470980
NJ,2023-06-01,2023-06-30,monthly,ALL,TOTAL,TOTAL,,combined,parlay,17049016300,3749835500,,,,,,,0.21994439057460458,30,False,False,NJ_PR_2023_06.pdf,2026-03-24 22:49:33.470980
NJ,2023-06-01,2023-06-30,monthly,ALL,TOTAL,TOTAL,,combined,other,13707621300,1164233400,,,,,,,0.0849332918177423,30,False,False,NJ_PR_2023_06.pdf,2026-03-24 22:49:33.470980
NJ,2023-07-01,2023-07-31,monthly,ALL,TOTAL,TOTAL,,retail,,2537662800,,,,,,,,,31,False,False,NJ_PR_2023_07.pdf,2026-03-24 22:49:33.505963
NJ,2023-07-01,2023-07-31,monthly,ALL,TOTAL,TOTAL,,online,,56164312100,,,,,,,,,31,False,False,NJ_PR_2023_07.pdf,2026-03-24 22:49:33.505963
NJ,2023-07-01,2023-07-31,monthly,ALL,TOTAL,TOTAL,,combined,football,166869100,6089000,,,,,,,0.03648967963511519,31,False,False,NJ_PR_2023_07.pdf,2026-03-24 22:49:33.505963
NJ,2023-07-01,2023-07-31,monthly,ALL,TOTAL,TOTAL,,combined,basketball,3836745600,81497000,,,,,,,0.02124117898252102,31,False,False,NJ_PR_2023_07.pdf,2026-03-24 22:49:33.505963
NJ,2023-07-01,2023-07-31,monthly,ALL,TOTAL,TOTAL,,combined,baseball,24517573400,1261266100,,,,,,,0.05144334960979458,31,False,False,NJ_PR_2023_07.pdf,2026-03-24 22:49:33.505963
NJ,2023-07-01,2023-07-31,monthly,ALL,TOTAL,TOTAL,,combined,parlay,13452624800,3929644500,,,,,,,0.29210987137617933,31,False,False,NJ_PR_2023_07.pdf,2026-03-24 22:49:33.505963
NJ,2023-07-01,2023-07-31,monthly,ALL,TOTAL,TOTAL,,combined,other,16353126100,652829600,,,,,,,0.03992078309724524,31,False,False,NJ_PR_2023_07.pdf,2026-03-24 22:49:33.505963
NJ,2023-08-01,2023-08-31,monthly,ALL,TOTAL,TOTAL,,retail,,2877982200,,,,,,,,,31,False,False,NJ_PR_2023_08.pdf,2026-03-24 22:49:33.538947
NJ,2023-08-01,2023-08-31,monthly,ALL,TOTAL,TOTAL,,online,,69706962800,,,,,,,,,31,False,False,NJ_PR_2023_08.pdf,2026-03-24 22:49:33.538947
NJ,2023-08-01,2023-08-31,monthly,ALL,TOTAL,TOTAL,,combined,football,3383649900,1027100,,,,,,,0.0003035479527595334,31,False,False,NJ_PR_2023_08.pdf,2026-03-24 22:49:33.538947
NJ,2023-08-01,2023-08-31,monthly,ALL,TOTAL,TOTAL,,combined,basketball,3133015800,137486200,,,,,,,0.043883021592166886,31,False,False,NJ_PR_2023_08.pdf,2026-03-24 22:49:33.538947
NJ,2023-08-01,2023-08-31,monthly,ALL,TOTAL,TOTAL,,combined,baseball,28810368400,2881548000,,,,,,,0.10001774222366418,31,False,False,NJ_PR_2023_08.pdf,2026-03-24 22:49:33.538947
NJ,2023-08-01,2023-08-31,monthly,ALL,TOTAL,TOTAL,,combined,parlay,16484615000,3970520800,,,,,,,0.24086221000611782,31,False,False,NJ_PR_2023_08.pdf,2026-03-24 22:49:33.538947
NJ,2023-08-01,2023-08-31,monthly,ALL,TOTAL,TOTAL,,combined,other,19459779700,1116151300,,,,,,,0.05735683122867007,31,False,False,NJ_PR_2023_08.pdf,2026-03-24 22:49:33.538947
NJ,2023-09-01,2023-09-30,monthly,ALL,TOTAL,TOTAL,,retail,,4353334400,,,,,,,,,30,False,False,NJ_PR_2023_09.pdf,2026-03-24 22:49:33.572281
NJ,2023-09-01,2023-09-30,monthly,ALL,TOTAL,TOTAL,,online,,125548293000,,,,,,,,,30,False,False,NJ_PR_2023_09.pdf,2026-03-24 22:49:33.572281
NJ,2023-09-01,2023-09-30,monthly,ALL,TOTAL,TOTAL,,combined,football,48642646300,876561500,,,,,,,0.018020432001044317,30,False,False,NJ_PR_2023_09.pdf,2026-03-24 22:49:33.572281
NJ,2023-09-01,2023-09-30,monthly,ALL,TOTAL,TOTAL,,combined,basketball,2624142800,156676000,,,,,,,0.05970559224139784,30,False,False,NJ_PR_2023_09.pdf,2026-03-24 22:49:33.572281
NJ,2023-09-01,2023-09-30,monthly,ALL,TOTAL,TOTAL,,combined,baseball,24811224100,2745768300,,,,,,,0.11066637780277838,30,False,False,NJ_PR_2023_09.pdf,2026-03-24 22:49:33.572281
NJ,2023-09-01,2023-09-30,monthly,ALL,TOTAL,TOTAL,,combined,parlay,30749442200,6824509400,,,,,,,0.22193929098330115,30,False,False,NJ_PR_2023_09.pdf,2026-03-24 22:49:33.572281
NJ,2023-09-01,2023-09-30,monthly,ALL,TOTAL,TOTAL,,combined,other,20847823300,-1908300200,,,,,,,-0.09153474550026525,30,False,False,NJ_PR_2023_09.pdf,2026-03-24 22:49:33.572281
NJ,2023-10-01,2023-10-31,monthly,ALL,TOTAL,TOTAL,,retail,,5629965500,,,,,,,,,31,False,False,NJ_PR_2023_10.pdf,2026-03-24 22:49:33.608656
NJ,2023-10-01,2023-10-31,monthly,ALL,TOTAL,TOTAL,,online,,123716906700,,,,,,,,,31,False,False,NJ_PR_2023_10.pdf,2026-03-24 22:49:33.608656
NJ,2023-10-01,2023-10-31,monthly,ALL,TOTAL,TOTAL,,combined,football,51732570800,1683849100,,,,,,,0.032549109274113246,31,False,False,NJ_PR_2023_10.pdf,2026-03-24 22:49:33.608656
NJ,2023-10-01,2023-10-31,monthly,ALL,TOTAL,TOTAL,,combined,basketball,8831104400,166215700,,,,,,,0.01882162099680307,31,False,False,NJ_PR_2023_10.pdf,2026-03-24 22:49:33.608656
NJ,2023-10-01,2023-10-31,monthly,ALL,TOTAL,TOTAL,,combined,baseball,12788524100,1195422600,,,,,,,0.09347619714772247,31,False,False,NJ_PR_2023_10.pdf,2026-03-24 22:49:33.608656
NJ,2023-10-01,2023-10-31,monthly,ALL,TOTAL,TOTAL,,combined,parlay,34004839800,6400860000,,,,,,,0.18823379370838852,31,False,False,NJ_PR_2023_10.pdf,2026-03-24 22:49:33.608656
NJ,2023-10-01,2023-10-31,monthly,ALL,TOTAL,TOTAL,,combined,other,23230374500,1139043300,,,,,,,0.04903249837836235,31,False,False,NJ_PR_2023_10.pdf,2026-03-24 22:49:33.608656
NJ,2023-11-01,2023-11-30,monthly,ALL,TOTAL,TOTAL,,retail,,5529260100,,,,,,,,,30,False,False,NJ_PR_2023_11.pdf,2026-03-24 22:49:33.643313
NJ,2023-11-01,2023-11-30,monthly,ALL,TOTAL,TOTAL,,online,,156777958300,,,,,,,,,30,False,False,NJ_PR_2023_11.pdf,2026-03-24 22:49:33.643313
NJ,2023-11-01,2023-11-30,monthly,ALL,TOTAL,TOTAL,,combined,football,50112124300,2078900700,,,,,,,0.041484984503041715,30,False,False,NJ_PR_2023_11.pdf,2026-03-24 22:49:33.643313
NJ,2023-11-01,2023-11-30,monthly,ALL,TOTAL,TOTAL,,combined,basketball,41974422600,984213700,,,,,,,0.023447938983680028,30,False,False,NJ_PR_2023_11.pdf,2026-03-24 22:49:33.643313
NJ,2023-11-01,2023-11-30,monthly,ALL,TOTAL,TOTAL,,combined,baseball,744450000,-78927300,,,,,,,-0.10602095506749949,30,False,False,NJ_PR_2023_11.pdf,2026-03-24 22:49:33.643313
NJ,2023-11-01,2023-11-30,monthly,ALL,TOTAL,TOTAL,,combined,parlay,36885896500,2236563100,,,,,,,0.06063464121036071,30,False,False,NJ_PR_2023_11.pdf,2026-03-24 22:49:33.643313
NJ,2023-11-01,2023-11-30,monthly,ALL,TOTAL,TOTAL,,combined,other,32944026300,4479851600,,,,,,,0.13598373068321645,30,False,False,NJ_PR_2023_11.pdf,2026-03-24 22:49:33.643313
NJ,2023-12-01,2023-12-31,monthly,ALL,TOTAL,TOTAL,,retail,,5047815500,,,,,,,,,31,False,False,NJ_PR_2023_12.pdf,2026-03-24 22:49:33.700973
NJ,2023-12-01,2023-12-31,monthly,ALL,TOTAL,TOTAL,,online,,123408198500,,,,,,,,,31,False,False,NJ_PR_2023_12.pdf,2026-03-24 22:49:33.700973
NJ,2023-12-01,2023-12-31,monthly,ALL,TOTAL,TOTAL,,combined,football,45288257100,3685573600,,,,,,,0.08138033644929119,31,False,False,NJ_PR_2023_12.pdf,2026-03-24 22:49:33.700973
NJ,2023-12-01,2023-12-31,monthly,ALL,TOTAL,TOTAL,,combined,basketball,32963238900,912001700,,,,,,,0.027667235697521216,31,False,False,NJ_PR_2023_12.pdf,2026-03-24 22:49:33.700973
NJ,2023-12-01,2023-12-31,monthly,ALL,TOTAL,TOTAL,,combined,baseball,46873200,-14763700,,,,,,,-0.314971028220817,31,False,False,NJ_PR_2023_12.pdf,2026-03-24 22:49:33.700973
NJ,2023-12-01,2023-12-31,monthly,ALL,TOTAL,TOTAL,,combined,parlay,37960277600,5480131400,,,,,,,0.14436489263187052,31,False,False,NJ_PR_2023_12.pdf,2026-03-24 22:49:33.700973
NJ,2023-12-01,2023-12-31,monthly,ALL,TOTAL,TOTAL,,combined,other,12700557400,908347700,,,,,,,0.07152030193572449,31,False,False,NJ_PR_2023_12.pdf,2026-03-24 22:49:33.700973
NJ,2024-01-01,2024-01-31,monthly,ALL,TOTAL,TOTAL,,retail,,4760317400,,,,,,,,,31,False,False,NJ_PR_2024_01.pdf,2026-03-24 22:49:33.749128
NJ,2024-01-01,2024-01-31,monthly,ALL,TOTAL,TOTAL,,online,,167156691400,,,,,,,,,31,False,False,NJ_PR_2024_01.pdf,2026-03-24 22:49:33.749128
NJ,2024-01-01,2024-01-31,monthly,ALL,TOTAL,TOTAL,,combined,football,35198933700,820079600,,,,,,,0.023298421679177173,31,False,False,NJ_PR_2024_01.pdf,2026-03-24 22:49:33.749128
NJ,2024-01-01,2024-01-31,monthly,ALL,TOTAL,TOTAL,,combined,basketball,55060422700,2637536000,,,,,,,0.04790257449294882,31,False,False,NJ_PR_2024_01.pdf,2026-03-24 22:49:33.749128
NJ,2024-01-01,2024-01-31,monthly,ALL,TOTAL,TOTAL,,combined,baseball,6909300,1186300,,,,,,,0.1716961197226926,31,False,False,NJ_PR_2024_01.pdf,2026-03-24 22:49:33.749128
NJ,2024-01-01,2024-01-31,monthly,ALL,TOTAL,TOTAL,,combined,parlay,49372317900,9839404000,,,,,,,0.1992898939832841,31,False,False,NJ_PR_2024_01.pdf,2026-03-24 22:49:33.749128
NJ,2024-01-01,2024-01-31,monthly,ALL,TOTAL,TOTAL,,combined,other,32814815800,4069120000,,,,,,,0.1240025244938294,31,False,False,NJ_PR_2024_01.pdf,2026-03-24 22:49:33.749128
NJ,2024-02-01,2024-02-29,monthly,ALL,TOTAL,TOTAL,,retail,,3793725900,,,,,,,,,29,False,False,NJ_PR_2024_02.pdf,2026-03-24 22:49:33.782725
NJ,2024-02-01,2024-02-29,monthly,ALL,TOTAL,TOTAL,,online,,104323457600,,,,,,,,,29,False,False,NJ_PR_2024_02.pdf,2026-03-24 22:49:33.782725
NJ,2024-02-01,2024-02-29,monthly,ALL,TOTAL,TOTAL,,combined,football,8697920700,-1267573900,,,,,,,-0.14573297960741352,29,False,False,NJ_PR_2024_02.pdf,2026-03-24 22:49:33.782725
NJ,2024-02-01,2024-02-29,monthly,ALL,TOTAL,TOTAL,,combined,basketball,44649162900,2108758100,,,,,,,0.04722951032078588,29,False,False,NJ_PR_2024_02.pdf,2026-03-24 22:49:33.782725
NJ,2024-02-01,2024-02-29,monthly,ALL,TOTAL,TOTAL,,combined,baseball,183783200,7712100,,,,,,,0.04196303035315524,29,False,False,NJ_PR_2024_02.pdf,2026-03-24 22:49:33.782725
NJ,2024-02-01,2024-02-29,monthly,ALL,TOTAL,TOTAL,,combined,parlay,27113621800,4910897400,,,,,,,0.18112288488142886,29,False,False,NJ_PR_2024_02.pdf,2026-03-24 22:49:33.782725
NJ,2024-02-01,2024-02-29,monthly,ALL,TOTAL,TOTAL,,combined,other,28281723300,1607281200,,,,,,,0.056831091335937084,29,False,False,NJ_PR_2024_02.pdf,2026-03-24 22:49:33.782725
NJ,2024-03-01,2024-03-31,monthly,ALL,TOTAL,TOTAL,,retail,,4375958400,,,,,,,,,31,False,False,NJ_PR_2024_03.pdf,2026-03-24 22:49:33.816139
NJ,2024-03-01,2024-03-31,monthly,ALL,TOTAL,TOTAL,,online,,128525124400,,,,,,,,,31,False,False,NJ_PR_2024_03.pdf,2026-03-24 22:49:33.816139
NJ,2024-03-01,2024-03-31,monthly,ALL,TOTAL,TOTAL,,combined,football,54706300,-39557000,,,,,,,-0.7230794259527696,31,False,False,NJ_PR_2024_03.pdf,2026-03-24 22:49:33.816139
NJ,2024-03-01,2024-03-31,monthly,ALL,TOTAL,TOTAL,,combined,basketball,62738928800,691637300,,,,,,,0.011024053378482293,31,False,False,NJ_PR_2024_03.pdf,2026-03-24 22:49:33.816139
NJ,2024-03-01,2024-03-31,monthly,ALL,TOTAL,TOTAL,,combined,baseball,8770754800,-589252800,,,,,,,-0.06718381866062428,31,False,False,NJ_PR_2024_03.pdf,2026-03-24 22:49:33.816139
NJ,2024-03-01,2024-03-31,monthly,ALL,TOTAL,TOTAL,,combined,parlay,29244247600,5576166900,,,,,,,0.19067568351459313,31,False,False,NJ_PR_2024_03.pdf,2026-03-24 22:49:33.816139
NJ,2024-03-01,2024-03-31,monthly,ALL,TOTAL,TOTAL,,combined,other,31844046100,2789737300,,,,,,,0.08760624486095063,31,False,False,NJ_PR_2024_03.pdf,2026-03-24 22:49:33.816139
NJ,2024-04-01,2024-04-30,monthly,ALL,TOTAL,TOTAL,,retail,,3471855100,,,,,,,,,30,False,False,NJ_PR_2024_04.pdf,2026-03-24 22:49:33.857463
NJ,2024-04-01,2024-04-30,monthly,ALL,TOTAL,TOTAL,,online,,100956503700,,,,,,,,,30,False,False,NJ_PR_2024_04.pdf,2026-03-24 22:49:33.857463
NJ,2024-04-01,2024-04-30,monthly,ALL,TOTAL,TOTAL,,combined,football,548428400,1001989100,,,,,,,1.8270189873463882,30,False,False,NJ_PR_2024_04.pdf,2026-03-24 22:49:33.857463
NJ,2024-04-01,2024-04-30,monthly,ALL,TOTAL,TOTAL,,combined,basketball,25882736600,1284857000,,,,,,,0.049641466428244685,30,False,False,NJ_PR_2024_04.pdf,2026-03-24 22:49:33.857463
NJ,2024-04-01,2024-04-30,monthly,ALL,TOTAL,TOTAL,,combined,baseball,27029442800,1922665900,,,,,,,0.07113228024071587,30,False,False,NJ_PR_2024_04.pdf,2026-03-24 22:49:33.857463
NJ,2024-04-01,2024-04-30,monthly,ALL,TOTAL,TOTAL,,combined,parlay,25520327800,5711180400,,,,,,,0.2237894608861568,30,False,False,NJ_PR_2024_04.pdf,2026-03-24 22:49:33.857463
NJ,2024-04-01,2024-04-30,monthly,ALL,TOTAL,TOTAL,,combined,other,25537341400,1788156000,,,,,,,0.0700212278166121,30,False,False,NJ_PR_2024_04.pdf,2026-03-24 22:49:33.857463
NJ,2024-05-01,2024-05-31,monthly,ALL,TOTAL,TOTAL,,retail,,3747248100,,,,,,,,,31,False,False,NJ_PR_2024_05.pdf,2026-03-24 22:49:33.902037
NJ,2024-05-01,2024-05-31,monthly,ALL,TOTAL,TOTAL,,online,,80147357600,,,,,,,,,31,False,False,NJ_PR_2024_05.pdf,2026-03-24 22:49:33.902037
NJ,2024-05-01,2024-05-31,monthly,ALL,TOTAL,TOTAL,,combined,football,105498300,-99700,,,,,,,-0.0009450389247978403,31,False,False,NJ_PR_2024_05.pdf,2026-03-24 22:49:33.902037
NJ,2024-05-01,2024-05-31,monthly,ALL,TOTAL,TOTAL,,combined,basketball,22959267600,1444769400,,,,,,,0.06292750383727397,31,False,False,NJ_PR_2024_05.pdf,2026-03-24 22:49:33.902037
NJ,2024-05-01,2024-05-31,monthly,ALL,TOTAL,TOTAL,,combined,baseball,18300150600,319484400,,,,,,,0.01745802026350537,31,False,False,NJ_PR_2024_05.pdf,2026-03-24 22:49:33.902037
NJ,2024-05-01,2024-05-31,monthly,ALL,TOTAL,TOTAL,,combined,parlay,22693759200,4741260400,,,,,,,0.20892353524223523,31,False,False,NJ_PR_2024_05.pdf,2026-03-24 22:49:33.902037
NJ,2024-05-01,2024-05-31,monthly,ALL,TOTAL,TOTAL,,combined,other,20549516800,1427804200,,,,,,,0.06948115685133774,31,False,False,NJ_PR_2024_05.pdf,2026-03-24 22:49:33.902037
NJ,2024-06-01,2024-06-30,monthly,ALL,TOTAL,TOTAL,,retail,,2946633300,,,,,,,,,30,False,False,NJ_PR_2024_06.pdf,2026-03-24 22:49:33.964094
NJ,2024-06-01,2024-06-30,monthly,ALL,TOTAL,TOTAL,,online,,71895163200,,,,,,,,,30,False,False,NJ_PR_2024_06.pdf,2026-03-24 22:49:33.964094
NJ,2024-06-01,2024-06-30,monthly,ALL,TOTAL,TOTAL,,combined,football,153260600,-2377500,,,,,,,-0.015512793242359746,30,False,False,NJ_PR_2024_06.pdf,2026-03-24 22:49:33.964094
NJ,2024-06-01,2024-06-30,monthly,ALL,TOTAL,TOTAL,,combined,basketball,7234575300,841975100,,,,,,,0.11638210469659498,30,False,False,NJ_PR_2024_06.pdf,2026-03-24 22:49:33.964094
NJ,2024-06-01,2024-06-30,monthly,ALL,TOTAL,TOTAL,,combined,baseball,21595169300,1213062400,,,,,,,0.05617285899212654,30,False,False,NJ_PR_2024_06.pdf,2026-03-24 22:49:33.964094
NJ,2024-06-01,2024-06-30,monthly,ALL,TOTAL,TOTAL,,combined,parlay,22372463800,3062630100,,,,,,,0.13689283967016633,30,False,False,NJ_PR_2024_06.pdf,2026-03-24 22:49:33.964094
NJ,2024-06-01,2024-06-30,monthly,ALL,TOTAL,TOTAL,,combined,other,24271991200,1533793600,,,,,,,0.0631919148026059,30,False,False,NJ_PR_2024_06.pdf,2026-03-24 22:49:33.964094
NJ,2024-07-01,2024-07-31,monthly,ALL,TOTAL,TOTAL,,retail,,2800273800,,,,,,,,,31,False,False,NJ_PR_2024_07.pdf,2026-03-24 22:49:34.026173
NJ,2024-07-01,2024-07-31,monthly,ALL,TOTAL,TOTAL,,online,,62427278600,,,,,,,,,31,False,False,NJ_PR_2024_07.pdf,2026-03-24 22:49:34.026173
NJ,2024-07-01,2024-07-31,monthly,ALL,TOTAL,TOTAL,,combined,football,126522700,-9103800,,,,,,,-0.0719538865357758,31,False,False,NJ_PR_2024_07.pdf,2026-03-24 22:49:34.026173
NJ,2024-07-01,2024-07-31,monthly,ALL,TOTAL,TOTAL,,combined,basketball,5624575800,296499600,,,,,,,0.05271501541502917,31,False,False,NJ_PR_2024_07.pdf,2026-03-24 22:49:34.026173
NJ,2024-07-01,2024-07-31,monthly,ALL,TOTAL,TOTAL,,combined,baseball,19779899000,1303629100,,,,,,,0.06590676221349766,31,False,False,NJ_PR_2024_07.pdf,2026-03-24 22:49:34.026173
NJ,2024-07-01,2024-07-31,monthly,ALL,TOTAL,TOTAL,,combined,parlay,18208439500,4056890800,,,,,,,0.22280277230786308,31,False,False,NJ_PR_2024_07.pdf,2026-03-24 22:49:34.026173
NJ,2024-07-01,2024-07-31,monthly,ALL,TOTAL,TOTAL,,combined,other,21139157300,1799474200,,,,,,,0.08512516248696442,31,False,False,NJ_PR_2024_07.pdf,2026-03-24 22:49:34.026173
NJ,2024-08-01,2024-08-31,monthly,ALL,TOTAL,TOTAL,,retail,,3253034700,,,,,,,,,31,False,False,NJ_PR_2024_08.pdf,2026-03-24 22:49:34.069842
NJ,2024-08-01,2024-08-31,monthly,ALL,TOTAL,TOTAL,,online,,66630936000,,,,,,,,,31,False,False,NJ_PR_2024_08.pdf,2026-03-24 22:49:34.069842
NJ,2024-08-01,2024-08-31,monthly,ALL,TOTAL,TOTAL,,combined,football,6044296600,11694500,,,,,,,0.0019347991625692227,31,False,False,NJ_PR_2024_08.pdf,2026-03-24 22:49:34.069842
NJ,2024-08-01,2024-08-31,monthly,ALL,TOTAL,TOTAL,,combined,basketball,3948108900,150528200,,,,,,,0.03812665856304014,31,False,False,NJ_PR_2024_08.pdf,2026-03-24 22:49:34.069842
NJ,2024-08-01,2024-08-31,monthly,ALL,TOTAL,TOTAL,,combined,baseball,20154316900,1003738200,,,,,,,0.04980264054496434,31,False,False,NJ_PR_2024_08.pdf,2026-03-24 22:49:34.069842
NJ,2024-08-01,2024-08-31,monthly,ALL,TOTAL,TOTAL,,combined,parlay,19973773800,2670469400,,,,,,,0.1336987905610506,31,False,False,NJ_PR_2024_08.pdf,2026-03-24 22:49:34.069842
NJ,2024-08-01,2024-08-31,monthly,ALL,TOTAL,TOTAL,,combined,other,19107502900,1137287200,,,,,,,0.059520451518549816,31,False,False,NJ_PR_2024_08.pdf,2026-03-24 22:49:34.069842
NJ,2024-09-01,2024-09-30,monthly,ALL,TOTAL,TOTAL,,retail,,5846001700,,,,,,,,,30,False,False,NJ_PR_2024_09.pdf,2026-03-24 22:49:34.110985
NJ,2024-09-01,2024-09-30,monthly,ALL,TOTAL,TOTAL,,online,,103124139600,,,,,,,,,30,False,False,NJ_PR_2024_09.pdf,2026-03-24 22:49:34.110985
NJ,2024-09-01,2024-09-30,monthly,ALL,TOTAL,TOTAL,,combined,football,40573537200,573414000,,,,,,,0.014132709139295846,30,False,False,NJ_PR_2024_09.pdf,2026-03-24 22:49:34.110985
NJ,2024-09-01,2024-09-30,monthly,ALL,TOTAL,TOTAL,,combined,basketball,2948175700,155332900,,,,,,,0.05268780283346071,30,False,False,NJ_PR_2024_09.pdf,2026-03-24 22:49:34.110985
NJ,2024-09-01,2024-09-30,monthly,ALL,TOTAL,TOTAL,,combined,baseball,14482722300,329963900,,,,,,,0.02278327880387515,30,False,False,NJ_PR_2024_09.pdf,2026-03-24 22:49:34.110985
NJ,2024-09-01,2024-09-30,monthly,ALL,TOTAL,TOTAL,,combined,parlay,35269148700,8541342600,,,,,,,0.24217603528377762,30,False,False,NJ_PR_2024_09.pdf,2026-03-24 22:49:34.110985
NJ,2024-09-01,2024-09-30,monthly,ALL,TOTAL,TOTAL,,combined,other,15986803600,1153067600,,,,,,,0.07212621289724232,30,False,False,NJ_PR_2024_09.pdf,2026-03-24 22:49:34.110985
NJ,2024-10-01,2024-10-31,monthly,ALL,TOTAL,TOTAL,,retail,,4379380900,,,,,,,,,31,False,False,NJ_PR_2024_10.pdf,2026-03-24 22:49:34.152778
NJ,2024-10-01,2024-10-31,monthly,ALL,TOTAL,TOTAL,,online,,108789055700,,,,,,,,,31,False,False,NJ_PR_2024_10.pdf,2026-03-24 22:49:34.152778
NJ,2024-10-01,2024-10-31,monthly,ALL,TOTAL,TOTAL,,combined,football,36834210100,1677406600,,,,,,,0.04553936667695773,31,False,False,NJ_PR_2024_10.pdf,2026-03-24 22:49:34.152778
NJ,2024-10-01,2024-10-31,monthly,ALL,TOTAL,TOTAL,,combined,basketball,11067965600,321639400,,,,,,,0.02906039028527519,31,False,False,NJ_PR_2024_10.pdf,2026-03-24 22:49:34.152778
NJ,2024-10-01,2024-10-31,monthly,ALL,TOTAL,TOTAL,,combined,baseball,10425663300,461435800,,,,,,,0.04425961080097417,31,False,False,NJ_PR_2024_10.pdf,2026-03-24 22:49:34.152778
NJ,2024-10-01,2024-10-31,monthly,ALL,TOTAL,TOTAL,,combined,parlay,37095004500,3938952500,,,,,,,0.10618552425300286,31,False,False,NJ_PR_2024_10.pdf,2026-03-24 22:49:34.152778
NJ,2024-10-01,2024-10-31,monthly,ALL,TOTAL,TOTAL,,combined,other,18022194100,910195900,,,,,,,0.05050416697043564,31,False,False,NJ_PR_2024_10.pdf,2026-03-24 22:49:34.152778
NJ,2024-11-01,2024-11-30,monthly,ALL,TOTAL,TOTAL,,retail,,5310443500,,,,,,,,,30,False,False,NJ_PR_2024_11.pdf,2026-03-24 22:49:34.197293
NJ,2024-11-01,2024-11-30,monthly,ALL,TOTAL,TOTAL,,online,,117177867700,,,,,,,,,30,False,False,NJ_PR_2024_11.pdf,2026-03-24 22:49:34.197293
NJ,2024-11-01,2024-11-30,monthly,ALL,TOTAL,TOTAL,,combined,football,37649005200,1742733800,,,,,,,0.04628897339364494,30,False,False,NJ_PR_2024_11.pdf,2026-03-24 22:49:34.197293
NJ,2024-11-01,2024-11-30,monthly,ALL,TOTAL,TOTAL,,combined,basketball,29786845800,885516000,,,,,,,0.029728424618896708,30,False,False,NJ_PR_2024_11.pdf,2026-03-24 22:49:34.197293
NJ,2024-11-01,2024-11-30,monthly,ALL,TOTAL,TOTAL,,combined,baseball,248586700,-70448900,,,,,,,-0.2833977038996857,30,False,False,NJ_PR_2024_11.pdf,2026-03-24 22:49:34.197293
NJ,2024-11-01,2024-11-30,monthly,ALL,TOTAL,TOTAL,,combined,parlay,39329788800,7322556800,,,,,,,0.18618347627638418,30,False,False,NJ_PR_2024_11.pdf,2026-03-24 22:49:34.197293
NJ,2024-11-01,2024-11-30,monthly,ALL,TOTAL,TOTAL,,combined,other,16144808600,1503470800,,,,,,,0.09312410182428549,30,False,False,NJ_PR_2024_11.pdf,2026-03-24 22:49:34.197293
NJ,2024-12-01,2024-12-31,monthly,ALL,TOTAL,TOTAL,,retail,,5237011300,,,,,,,,,31,False,False,NJ_PR_2024_12.pdf,2026-03-24 22:49:34.236922
NJ,2024-12-01,2024-12-31,monthly,ALL,TOTAL,TOTAL,,online,,116328462300,,,,,,,,,31,False,False,NJ_PR_2024_12.pdf,2026-03-24 22:49:34.236922
NJ,2024-12-01,2024-12-31,monthly,ALL,TOTAL,TOTAL,,combined,football,38953973300,1403089500,,,,,,,0.03601916264598354,31,False,False,NJ_PR_2024_12.pdf,2026-03-24 22:49:34.236922
NJ,2024-12-01,2024-12-31,monthly,ALL,TOTAL,TOTAL,,combined,basketball,28667838200,904715300,,,,,,,0.03155854632945431,31,False,False,NJ_PR_2024_12.pdf,2026-03-24 22:49:34.236922
NJ,2024-12-01,2024-12-31,monthly,ALL,TOTAL,TOTAL,,combined,baseball,13322400,2069000,,,,,,,0.15530234792529873,31,False,False,NJ_PR_2024_12.pdf,2026-03-24 22:49:34.236922
NJ,2024-12-01,2024-12-31,monthly,ALL,TOTAL,TOTAL,,combined,parlay,40908031300,3719817300,,,,,,,0.09093122259344708,31,False,False,NJ_PR_2024_12.pdf,2026-03-24 22:49:34.236922
NJ,2024-12-01,2024-12-31,monthly,ALL,TOTAL,TOTAL,,combined,other,13851337000,830350800,,,,,,,0.0599473393795848,31,False,False,NJ_PR_2024_12.pdf,2026-03-24 22:49:34.236922
NJ,2025-01-01,2025-01-31,monthly,ALL,TOTAL,TOTAL,,retail,,4599210500,,,,,,,,,31,False,False,NJ_PR_2025_01.pdf,2026-03-24 22:49:34.276504
NJ,2025-01-01,2025-01-31,monthly,ALL,TOTAL,TOTAL,,online,,110615257100,,,,,,,,,31,False,False,NJ_PR_2025_01.pdf,2026-03-24 22:49:34.276504
NJ,2025-01-01,2025-01-31,monthly,ALL,TOTAL,TOTAL,,combined,football,25395580100,1552367700,,,,,,,0.06112747548538968,31,False,False,NJ_PR_2025_01.pdf,2026-03-24 22:49:34.276504
NJ,2025-01-01,2025-01-31,monthly,ALL,TOTAL,TOTAL,,combined,basketball,35189909900,1148781700,,,,,,,0.03264520151556285,31,False,False,NJ_PR_2025_01.pdf,2026-03-24 22:49:34.276504
NJ,2025-01-01,2025-01-31,monthly,ALL,TOTAL,TOTAL,,combined,baseball,8183200,528600,,,,,,,0.0645957571610128,31,False,False,NJ_PR_2025_01.pdf,2026-03-24 22:49:34.276504
NJ,2025-01-01,2025-01-31,monthly,ALL,TOTAL,TOTAL,,combined,parlay,38201118400,8011759500,,,,,,,0.20972578383987836,31,False,False,NJ_PR_2025_01.pdf,2026-03-24 22:49:34.276504
NJ,2025-01-01,2025-01-31,monthly,ALL,TOTAL,TOTAL,,combined,other,16423205400,1166175500,,,,,,,0.0710077887718557,31,False,False,NJ_PR_2025_01.pdf,2026-03-24 22:49:34.276504
NJ,2025-02-01,2025-02-28,monthly,ALL,TOTAL,TOTAL,,retail,,3930063200,,,,,,,,,28,False,False,NJ_PR_2025_02.pdf,2026-03-24 22:49:34.318572
NJ,2025-02-01,2025-02-28,monthly,ALL,TOTAL,TOTAL,,online,,94958227600,,,,,,,,,28,False,False,NJ_PR_2025_02.pdf,2026-03-24 22:49:34.318572
NJ,2025-02-01,2025-02-28,monthly,ALL,TOTAL,TOTAL,,combined,football,6995584400,-423313200,,,,,,,-0.06051148493040839,28,False,False,NJ_PR_2025_02.pdf,2026-03-24 22:49:34.318572
NJ,2025-02-01,2025-02-28,monthly,ALL,TOTAL,TOTAL,,combined,basketball,41982778600,1298607500,,,,,,,0.03093190930435462,28,False,False,NJ_PR_2025_02.pdf,2026-03-24 22:49:34.318572
NJ,2025-02-01,2025-02-28,monthly,ALL,TOTAL,TOTAL,,combined,baseball,233543100,11091000,,,,,,,0.047490163485883335,28,False,False,NJ_PR_2025_02.pdf,2026-03-24 22:49:34.318572
NJ,2025-02-01,2025-02-28,monthly,ALL,TOTAL,TOTAL,,combined,parlay,27411817200,6341938900,,,,,,,0.23135784299626805,28,False,False,NJ_PR_2025_02.pdf,2026-03-24 22:49:34.318572
NJ,2025-02-01,2025-02-28,monthly,ALL,TOTAL,TOTAL,,combined,other,23445317900,1116328200,,,,,,,0.047614120856087856,28,False,False,NJ_PR_2025_02.pdf,2026-03-24 22:49:34.318572
NJ,2025-03-01,2025-03-31,monthly,ALL,TOTAL,TOTAL,,retail,,4437336800,,,,,,,,,31,False,False,NJ_PR_2025_03.pdf,2026-03-24 22:49:34.357667
NJ,2025-03-01,2025-03-31,monthly,ALL,TOTAL,TOTAL,,online,,106281768700,,,,,,,,,31,False,False,NJ_PR_2025_03.pdf,2026-03-24 22:49:34.357667
NJ,2025-03-01,2025-03-31,monthly,ALL,TOTAL,TOTAL,,combined,football,19238500,-8487700,,,,,,,-0.4411830444161447,31,False,False,NJ_PR_2025_03.pdf,2026-03-24 22:49:34.357667
NJ,2025-03-01,2025-03-31,monthly,ALL,TOTAL,TOTAL,,combined,basketball,52856597800,2023842800,,,,,,,0.038289312673090735,31,False,False,NJ_PR_2025_03.pdf,2026-03-24 22:49:34.357667
NJ,2025-03-01,2025-03-31,monthly,ALL,TOTAL,TOTAL,,combined,baseball,3296397200,48056500,,,,,,,0.014578491936590651,31,False,False,NJ_PR_2025_03.pdf,2026-03-24 22:49:34.357667
NJ,2025-03-01,2025-03-31,monthly,ALL,TOTAL,TOTAL,,combined,parlay,33182028600,3295830700,,,,,,,0.09932577479605934,31,False,False,NJ_PR_2025_03.pdf,2026-03-24 22:49:34.357667
NJ,2025-03-01,2025-03-31,monthly,ALL,TOTAL,TOTAL,,combined,other,20999063100,1251149900,,,,,,,0.05958122484045491,31,False,False,NJ_PR_2025_03.pdf,2026-03-24 22:49:34.357667
NJ,2025-04-01,2025-04-30,monthly,ALL,TOTAL,TOTAL,,retail,,4038171800,,,,,,,,,30,False,False,NJ_PR_2025_04.pdf,2026-03-24 22:49:34.403668
NJ,2025-04-01,2025-04-30,monthly,ALL,TOTAL,TOTAL,,online,,95405309800,,,,,,,,,30,False,False,NJ_PR_2025_04.pdf,2026-03-24 22:49:34.403668
NJ,2025-04-01,2025-04-30,monthly,ALL,TOTAL,TOTAL,,combined,football,475311500,26503500,,,,,,,0.05576027510380035,30,False,False,NJ_PR_2025_04.pdf,2026-03-24 22:49:34.403668
NJ,2025-04-01,2025-04-30,monthly,ALL,TOTAL,TOTAL,,combined,basketball,25759699500,891569700,,,,,,,0.034611028750548896,30,False,False,NJ_PR_2025_04.pdf,2026-03-24 22:49:34.403668
NJ,2025-04-01,2025-04-30,monthly,ALL,TOTAL,TOTAL,,combined,baseball,17988707300,473278800,,,,,,,0.02630977268722361,30,False,False,NJ_PR_2025_04.pdf,2026-03-24 22:49:34.403668
NJ,2025-04-01,2025-04-30,monthly,ALL,TOTAL,TOTAL,,combined,parlay,32113581100,5501597400,,,,,,,0.17131684513378673,30,False,False,NJ_PR_2025_04.pdf,2026-03-24 22:49:34.403668
NJ,2025-04-01,2025-04-30,monthly,ALL,TOTAL,TOTAL,,combined,other,23646675600,2208021400,,,,,,,0.0933755525448998,30,False,False,NJ_PR_2025_04.pdf,2026-03-24 22:49:34.403668
NJ,2025-05-01,2025-05-31,monthly,ALL,TOTAL,TOTAL,,retail,,4349857200,,,,,,,,,31,False,False,NJ_PR_2025_05.pdf,2026-03-24 22:49:34.439022
NJ,2025-05-01,2025-05-31,monthly,ALL,TOTAL,TOTAL,,online,,96714729300,,,,,,,,,31,False,False,NJ_PR_2025_05.pdf,2026-03-24 22:49:34.439022
NJ,2025-05-01,2025-05-31,monthly,ALL,TOTAL,TOTAL,,combined,football,139643600,8988500,,,,,,,0.06436743252107507,31,False,False,NJ_PR_2025_05.pdf,2026-03-24 22:49:34.439022
NJ,2025-05-01,2025-05-31,monthly,ALL,TOTAL,TOTAL,,combined,basketball,25751702700,850901600,,,,,,,0.03304253741637053,31,False,False,NJ_PR_2025_05.pdf,2026-03-24 22:49:34.439022
NJ,2025-05-01,2025-05-31,monthly,ALL,TOTAL,TOTAL,,combined,baseball,21145590900,1159016800,,,,,,,0.054811275101326204,31,False,False,NJ_PR_2025_05.pdf,2026-03-24 22:49:34.439022
NJ,2025-05-01,2025-05-31,monthly,ALL,TOTAL,TOTAL,,combined,parlay,31498209300,7271364200,,,,,,,0.23085008200767781,31,False,False,NJ_PR_2025_05.pdf,2026-03-24 22:49:34.439022
NJ,2025-05-01,2025-05-31,monthly,ALL,TOTAL,TOTAL,,combined,other,23243381100,1261570900,,,,,,,0.054276565641304224,31,False,False,NJ_PR_2025_05.pdf,2026-03-24 22:49:34.439022
NJ,2025-06-01,2025-06-30,monthly,ALL,TOTAL,TOTAL,,retail,,3536912600,,,,,,,,,30,False,False,NJ_PR_2025_06.pdf,2026-03-24 22:49:34.510510
NJ,2025-06-01,2025-06-30,monthly,ALL,TOTAL,TOTAL,,online,,75504618700,,,,,,,,,30,False,False,NJ_PR_2025_06.pdf,2026-03-24 22:49:34.510510
NJ,2025-06-01,2025-06-30,monthly,ALL,TOTAL,TOTAL,,combined,football,129461200,-6382500,,,,,,,-0.04930048539639676,30,False,False,NJ_PR_2025_06.pdf,2026-03-24 22:49:34.510510
NJ,2025-06-01,2025-06-30,monthly,ALL,TOTAL,TOTAL,,combined,basketball,10209039300,854512300,,,,,,,0.08370153889014807,30,False,False,NJ_PR_2025_06.pdf,2026-03-24 22:49:34.510510
NJ,2025-06-01,2025-06-30,monthly,ALL,TOTAL,TOTAL,,combined,baseball,23407446100,1149777700,,,,,,,0.04912016864582249,30,False,False,NJ_PR_2025_06.pdf,2026-03-24 22:49:34.510510
NJ,2025-06-01,2025-06-30,monthly,ALL,TOTAL,TOTAL,,combined,parlay,23274308500,5771749600,,,,,,,0.24798801648607519,30,False,False,NJ_PR_2025_06.pdf,2026-03-24 22:49:34.510510
NJ,2025-06-01,2025-06-30,monthly,ALL,TOTAL,TOTAL,,combined,other,21830940200,1565898500,,,,,,,0.07172840407487352,30,False,False,NJ_PR_2025_06.pdf,2026-03-24 22:49:34.510510
NJ,2025-07-01,2025-07-31,monthly,ALL,TOTAL,TOTAL,,retail,,3307727200,,,,,,,,,31,False,False,NJ_PR_2025_07.pdf,2026-03-24 22:49:34.547912
NJ,2025-07-01,2025-07-31,monthly,ALL,TOTAL,TOTAL,,online,,63092049800,,,,,,,,,31,False,False,NJ_PR_2025_07.pdf,2026-03-24 22:49:34.547912
NJ,2025-07-01,2025-07-31,monthly,ALL,TOTAL,TOTAL,,combined,football,285369000,-15832800,,,,,,,-0.055481849815502034,31,False,False,NJ_PR_2025_07.pdf,2026-03-24 22:49:34.547912
NJ,2025-07-01,2025-07-31,monthly,ALL,TOTAL,TOTAL,,combined,basketball,6834305100,239419700,,,,,,,0.03503204736938068,31,False,False,NJ_PR_2025_07.pdf,2026-03-24 22:49:34.547912
NJ,2025-07-01,2025-07-31,monthly,ALL,TOTAL,TOTAL,,combined,baseball,20084069700,1301094800,,,,,,,0.06478242803548924,31,False,False,NJ_PR_2025_07.pdf,2026-03-24 22:49:34.547912
NJ,2025-07-01,2025-07-31,monthly,ALL,TOTAL,TOTAL,,combined,parlay,19586287400,4103557300,,,,,,,0.20951174748921533,31,False,False,NJ_PR_2025_07.pdf,2026-03-24 22:49:34.547912
NJ,2025-07-01,2025-07-31,monthly,ALL,TOTAL,TOTAL,,combined,other,19302773200,1481335900,,,,,,,0.07674212843157686,31,False,False,NJ_PR_2025_07.pdf,2026-03-24 22:49:34.547912
NJ,2025-08-01,2025-08-31,monthly,ALL,TOTAL,TOTAL,,retail,,3553584000,,,,,,,,,31,False,False,NJ_PR_2025_08.pdf,2026-03-24 22:49:34.587294
NJ,2025-08-01,2025-08-31,monthly,ALL,TOTAL,TOTAL,,online,,77877637700,,,,,,,,,31,False,False,NJ_PR_2025_08.pdf,2026-03-24 22:49:34.587294
NJ,2025-08-01,2025-08-31,monthly,ALL,TOTAL,TOTAL,,combined,football,7339950100,504007100,,,,,,,0.06866628425716409,31,False,False,NJ_PR_2025_08.pdf,2026-03-24 22:49:34.587294
NJ,2025-08-01,2025-08-31,monthly,ALL,TOTAL,TOTAL,,combined,basketball,5707912500,259477300,,,,,,,0.04545922874606084,31,False,False,NJ_PR_2025_08.pdf,2026-03-24 22:49:34.587294
NJ,2025-08-01,2025-08-31,monthly,ALL,TOTAL,TOTAL,,combined,baseball,21256955500,623085900,,,,,,,0.029312095045783956,31,False,False,NJ_PR_2025_08.pdf,2026-03-24 22:49:34.587294
NJ,2025-08-01,2025-08-31,monthly,ALL,TOTAL,TOTAL,,combined,parlay,24012419900,4564716800,,,,,,,0.19009815832847402,31,False,False,NJ_PR_2025_08.pdf,2026-03-24 22:49:34.587294
NJ,2025-08-01,2025-08-31,monthly,ALL,TOTAL,TOTAL,,combined,other,22187785700,1180618100,,,,,,,0.053210271451287726,31,False,False,NJ_PR_2025_08.pdf,2026-03-24 22:49:34.587294
NJ,2025-09-01,2025-09-30,monthly,ALL,TOTAL,TOTAL,,retail,,6009505500,,,,,,,,,30,False,False,NJ_PR_2025_09.pdf,2026-03-24 22:49:34.634849
NJ,2025-09-01,2025-09-30,monthly,ALL,TOTAL,TOTAL,,online,,106991312200,,,,,,,,,30,False,False,NJ_PR_2025_09.pdf,2026-03-24 22:49:34.634849
NJ,2025-09-01,2025-09-30,monthly,ALL,TOTAL,TOTAL,,combined,football,37643174900,1805847700,,,,,,,0.04797277872542042,30,False,False,NJ_PR_2025_09.pdf,2026-03-24 22:49:34.634849
NJ,2025-09-01,2025-09-30,monthly,ALL,TOTAL,TOTAL,,combined,basketball,4291559600,222081700,,,,,,,0.051748483232063235,30,False,False,NJ_PR_2025_09.pdf,2026-03-24 22:49:34.634849
NJ,2025-09-01,2025-09-30,monthly,ALL,TOTAL,TOTAL,,combined,baseball,13769219000,226468300,,,,,,,0.016447432494174144,30,False,False,NJ_PR_2025_09.pdf,2026-03-24 22:49:34.634849
NJ,2025-09-01,2025-09-30,monthly,ALL,TOTAL,TOTAL,,combined,parlay,37845216100,5027476100,,,,,,,0.13284310721639664,30,False,False,NJ_PR_2025_09.pdf,2026-03-24 22:49:34.634849
NJ,2025-09-01,2025-09-30,monthly,ALL,TOTAL,TOTAL,,combined,other,19068151800,892533000,,,,,,,0.04680752541523191,30,False,False,NJ_PR_2025_09.pdf,2026-03-24 22:49:34.634849
NJ,2025-10-01,2025-10-31,monthly,ALL,TOTAL,TOTAL,,retail,,4377079100,,,,,,,,,31,False,False,NJ_PR_2025_10.pdf,2026-03-24 22:49:34.670702
NJ,2025-10-01,2025-10-31,monthly,ALL,TOTAL,TOTAL,,online,,119346486400,,,,,,,,,31,False,False,NJ_PR_2025_10.pdf,2026-03-24 22:49:34.670702
NJ,2025-10-01,2025-10-31,monthly,ALL,TOTAL,TOTAL,,combined,football,34948124400,1895472500,,,,,,,0.054236744676346635,31,False,False,NJ_PR_2025_10.pdf,2026-03-24 22:49:34.670702
NJ,2025-10-01,2025-10-31,monthly,ALL,TOTAL,TOTAL,,combined,basketball,12674181900,449479800,,,,,,,0.0354642061749169,31,False,False,NJ_PR_2025_10.pdf,2026-03-24 22:49:34.670702
NJ,2025-10-01,2025-10-31,monthly,ALL,TOTAL,TOTAL,,combined,baseball,8298426800,736429300,,,,,,,0.0887432422733427,31,False,False,NJ_PR_2025_10.pdf,2026-03-24 22:49:34.670702
NJ,2025-10-01,2025-10-31,monthly,ALL,TOTAL,TOTAL,,combined,parlay,43735943600,6297490500,,,,,,,0.14398890207092732,31,False,False,NJ_PR_2025_10.pdf,2026-03-24 22:49:34.670702
NJ,2025-10-01,2025-10-31,monthly,ALL,TOTAL,TOTAL,,combined,other,23106383900,1014221100,,,,,,,0.04389354493499954,31,False,False,NJ_PR_2025_10.pdf,2026-03-24 22:49:34.670702
NJ,2025-11-01,2025-11-30,monthly,ALL,TOTAL,TOTAL,,retail,,6054059300,,,,,,,,,30,False,False,NJ_PR_2025_11.pdf,2026-03-24 22:49:34.711198
NJ,2025-11-01,2025-11-30,monthly,ALL,TOTAL,TOTAL,,online,,122098222900,,,,,,,,,30,False,False,NJ_PR_2025_11.pdf,2026-03-24 22:49:34.711198
NJ,2025-11-01,2025-11-30,monthly,ALL,TOTAL,TOTAL,,combined,football,37527840200,2374533100,,,,,,,0.0632739077800699,30,False,False,NJ_PR_2025_11.pdf,2026-03-24 22:49:34.711198
NJ,2025-11-01,2025-11-30,monthly,ALL,TOTAL,TOTAL,,combined,basketball,26527758000,1300842500,,,,,,,0.04903703132394377,30,False,False,NJ_PR_2025_11.pdf,2026-03-24 22:49:34.711198
NJ,2025-11-01,2025-11-30,monthly,ALL,TOTAL,TOTAL,,combined,baseball,910721500,-108392000,,,,,,,-0.11901772385959923,30,False,False,NJ_PR_2025_11.pdf,2026-03-24 22:49:34.711198
NJ,2025-11-01,2025-11-30,monthly,ALL,TOTAL,TOTAL,,combined,parlay,45705175800,10455872400,,,,,,,0.2287677974536967,30,False,False,NJ_PR_2025_11.pdf,2026-03-24 22:49:34.711198
NJ,2025-11-01,2025-11-30,monthly,ALL,TOTAL,TOTAL,,combined,other,18252304900,1137999200,,,,,,,0.062348246220673205,30,False,False,NJ_PR_2025_11.pdf,2026-03-24 22:49:34.711198
NJ,2025-12-01,2025-12-31,monthly,ALL,TOTAL,TOTAL,,retail,,3356412000,,,,,,,,,31,False,False,NJ_PR_2025_12.pdf,2026-03-24 22:49:34.750395
NJ,2025-12-01,2025-12-31,monthly,ALL,TOTAL,TOTAL,,online,,103063373400,,,,,,,,,31,False,False,NJ_PR_2025_12.pdf,2026-03-24 22:49:34.750395
NJ,2025-12-01,2025-12-31,monthly,ALL,TOTAL,TOTAL,,combined,football,31072733100,1663416900,,,,,,,0.053533008977572044,31,False,False,NJ_PR_2025_12.pdf,2026-03-24 22:49:34.750395
NJ,2025-12-01,2025-12-31,monthly,ALL,TOTAL,TOTAL,,combined,basketball,24294236900,928629600,,,,,,,0.03822427532185627,31,False,False,NJ_PR_2025_12.pdf,2026-03-24 22:49:34.750395
NJ,2025-12-01,2025-12-31,monthly,ALL,TOTAL,TOTAL,,combined,baseball,12230800,-171600,,,,,,,-0.01403015338326193,31,False,False,NJ_PR_2025_12.pdf,2026-03-24 22:49:34.750395
NJ,2025-12-01,2025-12-31,monthly,ALL,TOTAL,TOTAL,,combined,parlay,37643606000,8885968700,,,,,,,0.23605519354336033,31,False,False,NJ_PR_2025_12.pdf,2026-03-24 22:49:34.750395
NJ,2025-12-01,2025-12-31,monthly,ALL,TOTAL,TOTAL,,combined,other,14406719800,992435000,,,,,,,0.06888695093521566,31,False,False,NJ_PR_2025_12.pdf,2026-03-24 22:49:34.750395
NJ,2026-01-01,2026-01-31,monthly,ALL,TOTAL,TOTAL,,retail,,3521173000,,,,,,,,,31,False,False,NJ_PR_2026_01.pdf,2026-03-24 22:49:34.791110
NJ,2026-01-01,2026-01-31,monthly,ALL,TOTAL,TOTAL,,online,,99922261700,,,,,,,,,31,False,False,NJ_PR_2026_01.pdf,2026-03-24 22:49:34.791110
NJ,2026-01-01,2026-01-31,monthly,ALL,TOTAL,TOTAL,,combined,football,21979801300,1516247700,,,,,,,0.0689836854894589,31,False,False,NJ_PR_2026_01.pdf,2026-03-24 22:49:34.791110
NJ,2026-01-01,2026-01-31,monthly,ALL,TOTAL,TOTAL,,combined,basketball,28074444900,1345524600,,,,,,,0.047927024195587926,31,False,False,NJ_PR_2026_01.pdf,2026-03-24 22:49:34.791110
NJ,2026-01-01,2026-01-31,monthly,ALL,TOTAL,TOTAL,,combined,baseball,10889200,2252800,,,,,,,0.20688388495022592,31,False,False,NJ_PR_2026_01.pdf,2026-03-24 22:49:34.791110
NJ,2026-01-01,2026-01-31,monthly,ALL,TOTAL,TOTAL,,combined,parlay,34010991400,7138482300,,,,,,,0.2098875100712295,31,False,False,NJ_PR_2026_01.pdf,2026-03-24 22:49:34.791110
NJ,2026-01-01,2026-01-31,monthly,ALL,TOTAL,TOTAL,,combined,other,19354472300,1109431100,,,,,,,0.0573216919998382,31,False,False,NJ_PR_2026_01.pdf,2026-03-24 22:49:34.791110
NJ,2026-02-01,2026-02-28,monthly,ALL,TOTAL,TOTAL,,retail,,2507752900,,,,,,,,,28,False,False,NJ_PR_2026_02.pdf,2026-03-24 22:49:34.830425
NJ,2026-02-01,2026-02-28,monthly,ALL,TOTAL,TOTAL,,online,,82131492300,,,,,,,,,28,False,False,NJ_PR_2026_02.pdf,2026-03-24 22:49:34.830425
NJ,2026-02-01,2026-02-28,monthly,ALL,TOTAL,TOTAL,,combined,football,5321369500,742272100,,,,,,,0.1394889229173054,28,False,False,NJ_PR_2026_02.pdf,2026-03-24 22:49:34.830425
NJ,2026-02-01,2026-02-28,monthly,ALL,TOTAL,TOTAL,,combined,basketball,32050667600,1220505800,,,,,,,0.03808051099690666,28,False,False,NJ_PR_2026_02.pdf,2026-03-24 22:49:34.830425
NJ,2026-02-01,2026-02-28,monthly,ALL,TOTAL,TOTAL,,combined,baseball,244788500,-95900,,,,,,,-0.0003917667700892812,28,False,False,NJ_PR_2026_02.pdf,2026-03-24 22:49:34.830425
NJ,2026-02-01,2026-02-28,monthly,ALL,TOTAL,TOTAL,,combined,parlay,26254256500,4598397000,,,,,,,0.17514862780440954,28,False,False,NJ_PR_2026_02.pdf,2026-03-24 22:49:34.830425
NJ,2026-02-01,2026-02-28,monthly,ALL,TOTAL,TOTAL,,combined,other,21902441400,877329300,,,,,,,0.040056233183210346,28,False,False,NJ_PR_2026_02.pdf,2026-03-24 22:49:34.830425
